client_id,path,sentence
0891bf076a254e2ebb8408d7411a61131abff0b17957dbe4503a768ef4ef9b6dbe1f361ff0a25afca3d2af468deffc925a9954e0cba8d20e90a7903f82fc9217,common_voice_te_40170692.mp3,నైకమత్యమే మహాబలమ్ము
1c2305025b7cd1e18fdda86e2c4e2188b3e1b1c004a18da62bda9529ce27d9644bbde6c5840912e35f085a41f1b49c47c3d409d0fbb7ce0085e795617c1463c8,common_voice_te_40116833.mp3,సాక్షి ఆచూకీ తెలియరాలేదు
6fc72063153392034f77133f93629a34e908b435e661aa3f66177edb57cf5fc0da747f3d8945f608a9b2bb16c48da6c258383e6208f7161cd76255e08e2ee035,common_voice_te_40113660.mp3,భగవంతుని కరుణ లేనిదే ఎటువంటి ప్రతిభా చెల్లదని భావం
adfbb3a6faf746e53ff1042092e46f5fc223c81db85eecd5bb90cd0836da4a481cf986f41ed0f2fc11c9bf3df96b46bb867a652d1717b154b84ed1235693bafc,common_voice_te_40027512.mp3,బలవంతుడని
cce329123e70fb03a90b2c4a7ba71246d05e37f799d23ee6bd5bdd4fd44fa0a7660561fe76b49cd4415f7772f205b84e217213c0800bd8ce6b18c31b0e50dad4,common_voice_te_40470441.mp3,కష్టపెట్టబోకు కన్నతల్లి మనస్సు
d0371a0829d0836a00130b28115bb882a81a4d5569fe8cb303213dee2f1c0a454f1d83f676cdcafb783c8feb6e7af8ef587861e3e4d869351b1ee3fbfeb53f4a,common_voice_te_40034402.mp3,రాగల వారం రోజులు కూడా రాష్ట్రంలో వర్షాలు పడవచ్చు.
da00bd89f85d4763eed787a77d1e1eaeb6af897abd42a2da644c619c3c1911547d773c93d5d10a670ee0791ff2680d5526bf483ce4c342ed1eea4a6f39ebd567,common_voice_te_40029609.mp3,మందమతులకెపుడు ముందుచూపుండదు
df31ae87659ac25f7fc52f06f467dae34fba4487527bc7e4cd7209d855700f00bdf86d5b764f142d030f71c0f8c48f70b95d3b8b4a90e79650f0a1461041887f,common_voice_te_40027548.mp3,మెదడు పాడుచేయు
5b35cafb0435499015b946ec9bc0ff4f21810825d36a52e19578772037cf78b3d137dba611b8330c95850bbb35b35f7f2bf6cb16e274da9428fe21e281312119,common_voice_te_40113638.mp3,వెంటనే అప్రమత్తమైన అధికారులు నీటి పంపింగ్ చేపట్టారు
5b35cafb0435499015b946ec9bc0ff4f21810825d36a52e19578772037cf78b3d137dba611b8330c95850bbb35b35f7f2bf6cb16e274da9428fe21e281312119,common_voice_te_40113654.mp3,సాధుపుంగవులకు జగమే కుటుంబంబు
628a0adfaa79bfdef535aa2cecb8f23ca97b7f8e91247a67c36c6b1cee16152b83ddfb88dd4cd92f55ef9243a8c67f644264c06202254af9a59022891f2bec2b,common_voice_te_40034030.mp3,ఇప్పుడు ఏమి చేయాలో నాకు తెలియదు.
628a0adfaa79bfdef535aa2cecb8f23ca97b7f8e91247a67c36c6b1cee16152b83ddfb88dd4cd92f55ef9243a8c67f644264c06202254af9a59022891f2bec2b,common_voice_te_40034032.mp3,అన్యులము కాదు
c5c670cbd2a9c56b99ce7a9b44a0dba0ca98a0660326b7d5637b632d8d7bd1b673b4e8cb76afd7598eb7ad4c402d4d64849a7a079ecbf449711b9c78f741bd7e,common_voice_te_40432898.mp3,గుండెపోటు రావడంతో ఆమె ప్రాణం కోల్పోయింది.
c5c670cbd2a9c56b99ce7a9b44a0dba0ca98a0660326b7d5637b632d8d7bd1b673b4e8cb76afd7598eb7ad4c402d4d64849a7a079ecbf449711b9c78f741bd7e,common_voice_te_40432897.mp3,నాకు మీ పేరు తెలియదు
c6e90f10601fe4e90a017ba03bb24407c7801502d4d6483ab1bcd4e76d8834fa5b48921924762ecb8424d56f389c03f212583996b6d9f103a36f60a0ced23959,common_voice_te_41612804.mp3,అరసి మంచిచెడ్డ సరసుండు గ్రహియించు
c6e90f10601fe4e90a017ba03bb24407c7801502d4d6483ab1bcd4e76d8834fa5b48921924762ecb8424d56f389c03f212583996b6d9f103a36f60a0ced23959,common_voice_te_41612807.mp3,తల వెంట్రుకలయందు నలుపు రంగు
ce579334284f6f4b0653fc3662e3ae39c966b4ad743d199e79daf854e6e95b751eb54258bea6803c09d2fcdea06c023fd3ac285e148152ed267aa8ca853a18aa,common_voice_te_43406784.mp3,అల్పమతికి పదవి హస్యాస్పదంబురా
ce579334284f6f4b0653fc3662e3ae39c966b4ad743d199e79daf854e6e95b751eb54258bea6803c09d2fcdea06c023fd3ac285e148152ed267aa8ca853a18aa,common_voice_te_43406780.mp3,బాలమానసముల మేలుకొల్పు
2a6edec679dba17ad7b94ff67e3a2834a2a23b0cc9d92469911d348961bbbf8c7c2c7acbb22a9c03ba3db972b149a062105a03186fcab9b1ac34415e0aa89d18,common_voice_te_39862980.mp3,రాజురాజు బిడ్డరా నేటి విద్యార్థి
2a6edec679dba17ad7b94ff67e3a2834a2a23b0cc9d92469911d348961bbbf8c7c2c7acbb22a9c03ba3db972b149a062105a03186fcab9b1ac34415e0aa89d18,common_voice_te_39862978.mp3,పుట్తింట్లో ఉండేటపుడు
2a6edec679dba17ad7b94ff67e3a2834a2a23b0cc9d92469911d348961bbbf8c7c2c7acbb22a9c03ba3db972b149a062105a03186fcab9b1ac34415e0aa89d18,common_voice_te_39862977.mp3,ఎద్దునెక్కె శివుడు
b642c676c79e9b040d2e76dbb6c876ea45ec9527b4ce598765aa3aacb79fa848856f9bc4c585cd594a501d8e8cc6b32ed283210f02851fa0db93a26ff0057b58,common_voice_te_40090770.mp3,ఆ ప్రభువు ఇంద్రుడు
b642c676c79e9b040d2e76dbb6c876ea45ec9527b4ce598765aa3aacb79fa848856f9bc4c585cd594a501d8e8cc6b32ed283210f02851fa0db93a26ff0057b58,common_voice_te_40095452.mp3,బోసితాత శాంతి
b642c676c79e9b040d2e76dbb6c876ea45ec9527b4ce598765aa3aacb79fa848856f9bc4c585cd594a501d8e8cc6b32ed283210f02851fa0db93a26ff0057b58,common_voice_te_40090716.mp3,కలిమి గలిగి
4877c796eb42b82869970793b7ff5b0b651a31d8cacc58ccfdbaf428b1e7693d8d399885fe03eff319d5452cd136e80eb0d15d867e1baa259c4f6586148076b6,common_voice_te_39104652.mp3,గౌతమీ తరంగణీ తరంగములకు
4877c796eb42b82869970793b7ff5b0b651a31d8cacc58ccfdbaf428b1e7693d8d399885fe03eff319d5452cd136e80eb0d15d867e1baa259c4f6586148076b6,common_voice_te_39104651.mp3,తల్లిదండ్రులన్న దైవసన్నిభులురా
4877c796eb42b82869970793b7ff5b0b651a31d8cacc58ccfdbaf428b1e7693d8d399885fe03eff319d5452cd136e80eb0d15d867e1baa259c4f6586148076b6,common_voice_te_39104649.mp3,ఖలుని తప్పుచెంత గలవారలకు ముప్పు
4877c796eb42b82869970793b7ff5b0b651a31d8cacc58ccfdbaf428b1e7693d8d399885fe03eff319d5452cd136e80eb0d15d867e1baa259c4f6586148076b6,common_voice_te_39104648.mp3,వరపరాక్రములకు వయసుతో పనిలేదు
8acb47aef2d4a566af7ebd672dc0dd0a816033f4ed268b9e75d3df48165a80c6bf0f2483f4c4bd22d28a5b933bcaa4901586bb5223a2529e0c3f00d86a7c44b0,common_voice_te_40074005.mp3,మదగజమ్ము వీడి
8acb47aef2d4a566af7ebd672dc0dd0a816033f4ed268b9e75d3df48165a80c6bf0f2483f4c4bd22d28a5b933bcaa4901586bb5223a2529e0c3f00d86a7c44b0,common_voice_te_40074033.mp3,సౌందర్యమును గల్లి
8acb47aef2d4a566af7ebd672dc0dd0a816033f4ed268b9e75d3df48165a80c6bf0f2483f4c4bd22d28a5b933bcaa4901586bb5223a2529e0c3f00d86a7c44b0,common_voice_te_40074052.mp3,మనుజుని పోనాడి
8acb47aef2d4a566af7ebd672dc0dd0a816033f4ed268b9e75d3df48165a80c6bf0f2483f4c4bd22d28a5b933bcaa4901586bb5223a2529e0c3f00d86a7c44b0,common_voice_te_40074056.mp3,ఆ అబ్బాయి చెడ్డవాడు.
0b94cfaea961ea1b571ffbf41aeef1790b08a0d4d540001e67eb808d7a2d5f453b28b23c16250b2e57ac04c6b9db25bb94b957aefada7fd6fdf6edfa6ac2a203,common_voice_te_39107651.mp3,సామాన్యులతో పోట్లాడకుము
0b94cfaea961ea1b571ffbf41aeef1790b08a0d4d540001e67eb808d7a2d5f453b28b23c16250b2e57ac04c6b9db25bb94b957aefada7fd6fdf6edfa6ac2a203,common_voice_te_39107647.mp3,ఇసుక డిమాండ్ బాగా తగ్గిపోతుంది
0b94cfaea961ea1b571ffbf41aeef1790b08a0d4d540001e67eb808d7a2d5f453b28b23c16250b2e57ac04c6b9db25bb94b957aefada7fd6fdf6edfa6ac2a203,common_voice_te_39107650.mp3,దేశసేవకంటె దేవతార్చన లేదు
0b94cfaea961ea1b571ffbf41aeef1790b08a0d4d540001e67eb808d7a2d5f453b28b23c16250b2e57ac04c6b9db25bb94b957aefada7fd6fdf6edfa6ac2a203,common_voice_te_39107649.mp3,శనివారం వారు అక్కడ ఉన్నారు
0b94cfaea961ea1b571ffbf41aeef1790b08a0d4d540001e67eb808d7a2d5f453b28b23c16250b2e57ac04c6b9db25bb94b957aefada7fd6fdf6edfa6ac2a203,common_voice_te_39107648.mp3,భారీగా వరద నీరు చేరడంతో జల దిగ్బంధంలో చిక్కుకుపోయారు
4f65375678c93aaa24e6681d9ddd1c2cbe0455b7d1ebc3d48eb6ae18435f6b28a27ae6ebb3abfe32657400ae633a47a8df724ed1102d62fe951f49230ec83659,common_voice_te_39111381.mp3,ఊరులు పల్లెలు నారులు
4f65375678c93aaa24e6681d9ddd1c2cbe0455b7d1ebc3d48eb6ae18435f6b28a27ae6ebb3abfe32657400ae633a47a8df724ed1102d62fe951f49230ec83659,common_voice_te_39111377.mp3,అనారోగ్య లక్షణాలు కలిగిన వారికి ప్రత్యేక ఏర్పాట్లు చేశామన్నారు
4f65375678c93aaa24e6681d9ddd1c2cbe0455b7d1ebc3d48eb6ae18435f6b28a27ae6ebb3abfe32657400ae633a47a8df724ed1102d62fe951f49230ec83659,common_voice_te_39111379.mp3,కలసపాడు బ్రిడ్జిపై నుంచి నీరు ప్రవహించింది
4f65375678c93aaa24e6681d9ddd1c2cbe0455b7d1ebc3d48eb6ae18435f6b28a27ae6ebb3abfe32657400ae633a47a8df724ed1102d62fe951f49230ec83659,common_voice_te_39111378.mp3,అడుసు త్రొక్కి కాలు కడుగుటేల
4f65375678c93aaa24e6681d9ddd1c2cbe0455b7d1ebc3d48eb6ae18435f6b28a27ae6ebb3abfe32657400ae633a47a8df724ed1102d62fe951f49230ec83659,common_voice_te_39111380.mp3,తలపు వేరు
7631cb2f601a3a0107f1234a9478ece5c85a90753be88a87a10664fb7109f104e802dfde14dcc6a6ad1e9285c15418ab705af3119f853b31710411cff3cff2d0,common_voice_te_39111375.mp3,కరుణశ్రీ
7631cb2f601a3a0107f1234a9478ece5c85a90753be88a87a10664fb7109f104e802dfde14dcc6a6ad1e9285c15418ab705af3119f853b31710411cff3cff2d0,common_voice_te_39111372.mp3,మార్కెట్ యార్డులోని గోదాములో భద్రపరిచిన మిర్చి బస్తాలు అగ్ని ప్రమాదంలో కాలిపోవడంతో చాల నష్టం వాటిల్లింది.
7631cb2f601a3a0107f1234a9478ece5c85a90753be88a87a10664fb7109f104e802dfde14dcc6a6ad1e9285c15418ab705af3119f853b31710411cff3cff2d0,common_voice_te_39111374.mp3,మద్యమునకు భ్రాంతి
7631cb2f601a3a0107f1234a9478ece5c85a90753be88a87a10664fb7109f104e802dfde14dcc6a6ad1e9285c15418ab705af3119f853b31710411cff3cff2d0,common_voice_te_39111376.mp3,పావురములు వలను పైకెత్తుకొని పోవె
7631cb2f601a3a0107f1234a9478ece5c85a90753be88a87a10664fb7109f104e802dfde14dcc6a6ad1e9285c15418ab705af3119f853b31710411cff3cff2d0,common_voice_te_39111373.mp3,లలితసుగుణజాల! తెలుగుబాల!!
9584f82839ad9c12ca617d573afc650ec5c608374f7d0d3835f9c35a2f98a4c7851d766863b0c3376ec22d13e7fae3e8171ed234294440ff4b027d7d6330b152,common_voice_te_39975486.mp3,నీతిలేని చదువు జీతాల చేటురా
9584f82839ad9c12ca617d573afc650ec5c608374f7d0d3835f9c35a2f98a4c7851d766863b0c3376ec22d13e7fae3e8171ed234294440ff4b027d7d6330b152,common_voice_te_39975488.mp3,బద్దకంపు మొద్దు బల్లపై నెక్కెరా
9584f82839ad9c12ca617d573afc650ec5c608374f7d0d3835f9c35a2f98a4c7851d766863b0c3376ec22d13e7fae3e8171ed234294440ff4b027d7d6330b152,common_voice_te_39975489.mp3,వివిధ సంఘాలు మద్దతు ప్రకటించాయి
9584f82839ad9c12ca617d573afc650ec5c608374f7d0d3835f9c35a2f98a4c7851d766863b0c3376ec22d13e7fae3e8171ed234294440ff4b027d7d6330b152,common_voice_te_39975490.mp3,ఆదివారం సెలవు దినం
9584f82839ad9c12ca617d573afc650ec5c608374f7d0d3835f9c35a2f98a4c7851d766863b0c3376ec22d13e7fae3e8171ed234294440ff4b027d7d6330b152,common_voice_te_39975491.mp3,గోదావరి మళ్ళీ ఉగ్రరూపం దాల్చింది
a19b1b27ff97b69b4b7b1fbf63280f996702376a5adc113145095ad6a83c9c30243871773f0ab3958b11161fd41ea9bf48b4cf45a6c077034a4a38f35eefffb4,common_voice_te_40116682.mp3,కాదు అనక మీరు కదలండి ధరణికి
a19b1b27ff97b69b4b7b1fbf63280f996702376a5adc113145095ad6a83c9c30243871773f0ab3958b11161fd41ea9bf48b4cf45a6c077034a4a38f35eefffb4,common_voice_te_40116683.mp3,"పెన్నా ఉప నదులు కుందూ, పాపాఘ్ని ఉరకలెత్తుతున్నాయి"
a19b1b27ff97b69b4b7b1fbf63280f996702376a5adc113145095ad6a83c9c30243871773f0ab3958b11161fd41ea9bf48b4cf45a6c077034a4a38f35eefffb4,common_voice_te_40116684.mp3,ధరణి నల్లుడన్న దశమ గ్రహంబురా
a19b1b27ff97b69b4b7b1fbf63280f996702376a5adc113145095ad6a83c9c30243871773f0ab3958b11161fd41ea9bf48b4cf45a6c077034a4a38f35eefffb4,common_voice_te_40116685.mp3,గుండెపోటు రావడంతో ఆమె ప్రాణం కోల్పోయింది.
a19b1b27ff97b69b4b7b1fbf63280f996702376a5adc113145095ad6a83c9c30243871773f0ab3958b11161fd41ea9bf48b4cf45a6c077034a4a38f35eefffb4,common_voice_te_40116686.mp3,సహజ గుణము లివ్వి చవట విద్యార్థికి
eb9dd1ead085e9a9ede84326995b2ae3c7777ca9020d7206d78b9287511f2214ff718cedbef4a734e56277072d808fecd3aba0650a292dba48afd94c32601893,common_voice_te_41592515.mp3,విపుడు నన్నేమైన
eb9dd1ead085e9a9ede84326995b2ae3c7777ca9020d7206d78b9287511f2214ff718cedbef4a734e56277072d808fecd3aba0650a292dba48afd94c32601893,common_voice_te_41592516.mp3,దేశసేవకంటె దేవతార్చన లేదు
eb9dd1ead085e9a9ede84326995b2ae3c7777ca9020d7206d78b9287511f2214ff718cedbef4a734e56277072d808fecd3aba0650a292dba48afd94c32601893,common_voice_te_41592517.mp3,చెడ్డవాని చెలిమి చిచ్చువోలె
eb9dd1ead085e9a9ede84326995b2ae3c7777ca9020d7206d78b9287511f2214ff718cedbef4a734e56277072d808fecd3aba0650a292dba48afd94c32601893,common_voice_te_41592513.mp3,న్యాయపరమైన వివాదాలతో నిలిచిపోయిన నియామక ప్రక్రియ ముఖ్యమంత్రి చొరవతో ఎట్టకేలకు పరిష్కారానికి నోచుకుంది.
eb9dd1ead085e9a9ede84326995b2ae3c7777ca9020d7206d78b9287511f2214ff718cedbef4a734e56277072d808fecd3aba0650a292dba48afd94c32601893,common_voice_te_41592514.mp3,మంగళవారం నాడు నేను వేరే చోటికి పోతాను
f207b88b3dcae9be4fbb00c5915e01cb399e6d5b279129d63947e743553a1754d94cdaecf6f54216382c6f5a56a64075cceba055a1e681964baec419eb19a13d,common_voice_te_41592521.mp3,బ్యాంకులను ఇతర ఆర్ధిక సంస్థలను అనుసంధానించి ఆర్థిక సహకారమందేలా చూడాలి.
f207b88b3dcae9be4fbb00c5915e01cb399e6d5b279129d63947e743553a1754d94cdaecf6f54216382c6f5a56a64075cceba055a1e681964baec419eb19a13d,common_voice_te_41592522.mp3,దింతో అసలు విషయం వెలుగుచూసింది
f207b88b3dcae9be4fbb00c5915e01cb399e6d5b279129d63947e743553a1754d94cdaecf6f54216382c6f5a56a64075cceba055a1e681964baec419eb19a13d,common_voice_te_41592520.mp3,వేడిగాలులు వీయలేదు
f207b88b3dcae9be4fbb00c5915e01cb399e6d5b279129d63947e743553a1754d94cdaecf6f54216382c6f5a56a64075cceba055a1e681964baec419eb19a13d,common_voice_te_41592518.mp3,అంధ యుగము నాటి
f207b88b3dcae9be4fbb00c5915e01cb399e6d5b279129d63947e743553a1754d94cdaecf6f54216382c6f5a56a64075cceba055a1e681964baec419eb19a13d,common_voice_te_41592519.mp3,వేగి లేచినది మొదలు
f4bbf2f9f1dc12d574029ce1ce3e8c0c391582e21543bd51e66bc96e5096f9b89c65fd97d0d98e9f6cfe1a2e87b29c0c27c2797539c43607cde8eb8b191e19b6,common_voice_te_43371628.mp3,దుర్జన పద్ధతి
f4bbf2f9f1dc12d574029ce1ce3e8c0c391582e21543bd51e66bc96e5096f9b89c65fd97d0d98e9f6cfe1a2e87b29c0c27c2797539c43607cde8eb8b191e19b6,common_voice_te_43371454.mp3,భాష
f4bbf2f9f1dc12d574029ce1ce3e8c0c391582e21543bd51e66bc96e5096f9b89c65fd97d0d98e9f6cfe1a2e87b29c0c27c2797539c43607cde8eb8b191e19b6,common_voice_te_43371480.mp3,విషయిజ్ఞానమని విభాగము
f4bbf2f9f1dc12d574029ce1ce3e8c0c391582e21543bd51e66bc96e5096f9b89c65fd97d0d98e9f6cfe1a2e87b29c0c27c2797539c43607cde8eb8b191e19b6,common_voice_te_43371563.mp3,ఘనత కూర్చు
f4bbf2f9f1dc12d574029ce1ce3e8c0c391582e21543bd51e66bc96e5096f9b89c65fd97d0d98e9f6cfe1a2e87b29c0c27c2797539c43607cde8eb8b191e19b6,common_voice_te_43371571.mp3,చదువొక్కటే కాదు ఆటలు కూడా ముఖ్యమే
f4bbf2f9f1dc12d574029ce1ce3e8c0c391582e21543bd51e66bc96e5096f9b89c65fd97d0d98e9f6cfe1a2e87b29c0c27c2797539c43607cde8eb8b191e19b6,common_voice_te_43371643.mp3,కలిమి లేక చెలిమికాండ్రు లేరు
fe0685ab06715766b60975224a018c78ab81f235e3eb3bee36b261745b53c01053b39c782828d6ef39c241776105acf11fa5e9d6b1aefa55af961fe31b987921,common_voice_te_40159377.mp3,మంచి పాఠ్యపుస్తకాలు అందుబాటులోకి వస్తున్నాయి
fe0685ab06715766b60975224a018c78ab81f235e3eb3bee36b261745b53c01053b39c782828d6ef39c241776105acf11fa5e9d6b1aefa55af961fe31b987921,common_voice_te_40159379.mp3,మాతోనే ఈ కళ కనుమరుగవుతుందేమో అని బాధగా ఉంది.
fe0685ab06715766b60975224a018c78ab81f235e3eb3bee36b261745b53c01053b39c782828d6ef39c241776105acf11fa5e9d6b1aefa55af961fe31b987921,common_voice_te_40159389.mp3,మందమతులకెపుడు ముందుచూపుండదు
fe0685ab06715766b60975224a018c78ab81f235e3eb3bee36b261745b53c01053b39c782828d6ef39c241776105acf11fa5e9d6b1aefa55af961fe31b987921,common_voice_te_40159366.mp3,గతేడాది విదేశీ పర్యాటకులను ఆకర్షించడంతో ఆదాయం పెరిగింది
fe0685ab06715766b60975224a018c78ab81f235e3eb3bee36b261745b53c01053b39c782828d6ef39c241776105acf11fa5e9d6b1aefa55af961fe31b987921,common_voice_te_40159373.mp3,గురువారం నాకు ఏ పని లేదు
fe0685ab06715766b60975224a018c78ab81f235e3eb3bee36b261745b53c01053b39c782828d6ef39c241776105acf11fa5e9d6b1aefa55af961fe31b987921,common_voice_te_40159381.mp3,సిగ్గులేని కోతి మొగ్గలేసె
a3b82d7c22b09cbc20aab6a092ac44167db52fe6d8cec381902c42653c14f21d08e3b167e69d6e888045a5a363e586d546f645201a011f761d70722d663db795,common_voice_te_40053825.mp3,కోకిలమ్మ చేసికొన్న పుణ్యంబేమి
a3b82d7c22b09cbc20aab6a092ac44167db52fe6d8cec381902c42653c14f21d08e3b167e69d6e888045a5a363e586d546f645201a011f761d70722d663db795,common_voice_te_40053830.mp3,ఎద్దునెక్కె శివుడు
a3b82d7c22b09cbc20aab6a092ac44167db52fe6d8cec381902c42653c14f21d08e3b167e69d6e888045a5a363e586d546f645201a011f761d70722d663db795,common_voice_te_40053829.mp3,మంచి పాఠ్యపుస్తకాలు అందుబాటులోకి వస్తున్నాయి
a3b82d7c22b09cbc20aab6a092ac44167db52fe6d8cec381902c42653c14f21d08e3b167e69d6e888045a5a363e586d546f645201a011f761d70722d663db795,common_voice_te_40053827.mp3,మొదటి రెండు లేమి మూడవ దశ వచ్చు
a3b82d7c22b09cbc20aab6a092ac44167db52fe6d8cec381902c42653c14f21d08e3b167e69d6e888045a5a363e586d546f645201a011f761d70722d663db795,common_voice_te_40053826.mp3,స్థూల శరీర సంపర్కముచే
a3b82d7c22b09cbc20aab6a092ac44167db52fe6d8cec381902c42653c14f21d08e3b167e69d6e888045a5a363e586d546f645201a011f761d70722d663db795,common_voice_te_40053822.mp3,కష్టపెట్టబోకు కన్నతల్లి మనస్సు
a3b82d7c22b09cbc20aab6a092ac44167db52fe6d8cec381902c42653c14f21d08e3b167e69d6e888045a5a363e586d546f645201a011f761d70722d663db795,common_voice_te_40053831.mp3,వీడు పరులవాడు వాడు నావాడని
9402973e7bf53e7d9435c943a61f8a667cb752b61d7e02dee20073c8f5d57db847cc8be8bb22192ecdb338caa9aca71d12600f00319c105d612cd6d66b4a7cb7,common_voice_te_40029522.mp3,చేయి దిరిగినట్టి శిలిపి యతడు
9402973e7bf53e7d9435c943a61f8a667cb752b61d7e02dee20073c8f5d57db847cc8be8bb22192ecdb338caa9aca71d12600f00319c105d612cd6d66b4a7cb7,common_voice_te_40029816.mp3,అగ్నిమాపక వాహనం సైరన్ మోగించుకుంటూ వచ్చింది.
9402973e7bf53e7d9435c943a61f8a667cb752b61d7e02dee20073c8f5d57db847cc8be8bb22192ecdb338caa9aca71d12600f00319c105d612cd6d66b4a7cb7,common_voice_te_40029774.mp3,భక్తిలేని పూజ పత్రి చేటు
9402973e7bf53e7d9435c943a61f8a667cb752b61d7e02dee20073c8f5d57db847cc8be8bb22192ecdb338caa9aca71d12600f00319c105d612cd6d66b4a7cb7,common_voice_te_40029772.mp3,బలవంతుడని
9402973e7bf53e7d9435c943a61f8a667cb752b61d7e02dee20073c8f5d57db847cc8be8bb22192ecdb338caa9aca71d12600f00319c105d612cd6d66b4a7cb7,common_voice_te_40029694.mp3,నైకమత్యమే మహాబలమ్ము
9402973e7bf53e7d9435c943a61f8a667cb752b61d7e02dee20073c8f5d57db847cc8be8bb22192ecdb338caa9aca71d12600f00319c105d612cd6d66b4a7cb7,common_voice_te_40029520.mp3,దాడి చేయు వాడె
9402973e7bf53e7d9435c943a61f8a667cb752b61d7e02dee20073c8f5d57db847cc8be8bb22192ecdb338caa9aca71d12600f00319c105d612cd6d66b4a7cb7,common_voice_te_40029620.mp3,పరమ సుందరంబు ఫలములు
9402973e7bf53e7d9435c943a61f8a667cb752b61d7e02dee20073c8f5d57db847cc8be8bb22192ecdb338caa9aca71d12600f00319c105d612cd6d66b4a7cb7,common_voice_te_40029575.mp3,బావి నీటిలోన ప్రతిబింబమును చూపి
6fe0afa237a8ecca880d7a363c77b9434ab9e5a85ae99c2e59dd6d8a959bd265e954c330e43cb2c36cef38ed1880f8d89890a9b71362c71e5a43920b3197b899,common_voice_te_39105950.mp3,ఈ అమ్మాయి బాగా పాడుతుంది.
6fe0afa237a8ecca880d7a363c77b9434ab9e5a85ae99c2e59dd6d8a959bd265e954c330e43cb2c36cef38ed1880f8d89890a9b71362c71e5a43920b3197b899,common_voice_te_39105955.mp3,ఉష్ణోగ్రతలు గణనీయంగా పెరిగిపోయాయి
6fe0afa237a8ecca880d7a363c77b9434ab9e5a85ae99c2e59dd6d8a959bd265e954c330e43cb2c36cef38ed1880f8d89890a9b71362c71e5a43920b3197b899,common_voice_te_39105951.mp3,బ్యాంకులను ఇతర ఆర్ధిక సంస్థలను అనుసంధానించి ఆర్థిక సహకారమందేలా చూడాలి.
6fe0afa237a8ecca880d7a363c77b9434ab9e5a85ae99c2e59dd6d8a959bd265e954c330e43cb2c36cef38ed1880f8d89890a9b71362c71e5a43920b3197b899,common_voice_te_39105953.mp3,గోదావరి మళ్ళీ ఉగ్రరూపం దాల్చింది
6fe0afa237a8ecca880d7a363c77b9434ab9e5a85ae99c2e59dd6d8a959bd265e954c330e43cb2c36cef38ed1880f8d89890a9b71362c71e5a43920b3197b899,common_voice_te_39105964.mp3,పాలకడలిలోన ప్రభవించు మాత్రాన
6fe0afa237a8ecca880d7a363c77b9434ab9e5a85ae99c2e59dd6d8a959bd265e954c330e43cb2c36cef38ed1880f8d89890a9b71362c71e5a43920b3197b899,common_voice_te_39105963.mp3,గాలి వేగం పెరిగింది
6fe0afa237a8ecca880d7a363c77b9434ab9e5a85ae99c2e59dd6d8a959bd265e954c330e43cb2c36cef38ed1880f8d89890a9b71362c71e5a43920b3197b899,common_voice_te_39105962.mp3,సూక్తిలేని మాట శ్రుతిలేని పాటరా
6fe0afa237a8ecca880d7a363c77b9434ab9e5a85ae99c2e59dd6d8a959bd265e954c330e43cb2c36cef38ed1880f8d89890a9b71362c71e5a43920b3197b899,common_voice_te_39105961.mp3,లలితసుగుణజాల! తెలుగుబాల!!
6fe0afa237a8ecca880d7a363c77b9434ab9e5a85ae99c2e59dd6d8a959bd265e954c330e43cb2c36cef38ed1880f8d89890a9b71362c71e5a43920b3197b899,common_voice_te_39105960.mp3,నరుడు మెచ్చెనేని నారాయణుడు మెచ్చు
6fe0afa237a8ecca880d7a363c77b9434ab9e5a85ae99c2e59dd6d8a959bd265e954c330e43cb2c36cef38ed1880f8d89890a9b71362c71e5a43920b3197b899,common_voice_te_39105956.mp3,ఆయన లక్ష్యం మత విద్వేషాలను రెచ్చగొట్టడం
9a1e28abe05001e9b1910d50fd5a3c701c0091c29aeaa9cd45baab248c071b195e80d021066fb5e0788ff7b8806050acbf6e0cfb6bfb24e8dd69781c878cdda8,common_voice_te_39104605.mp3,ఆంధ్రకవులకెల్ల అన్నయ్య నన్నయ్య
9a1e28abe05001e9b1910d50fd5a3c701c0091c29aeaa9cd45baab248c071b195e80d021066fb5e0788ff7b8806050acbf6e0cfb6bfb24e8dd69781c878cdda8,common_voice_te_39104604.mp3,లింగ కృష్ణులందు లేదురా భేదంబు
9a1e28abe05001e9b1910d50fd5a3c701c0091c29aeaa9cd45baab248c071b195e80d021066fb5e0788ff7b8806050acbf6e0cfb6bfb24e8dd69781c878cdda8,common_voice_te_39104598.mp3,ప్రాంతాల మధ్య తేడా రాకూడదు
9a1e28abe05001e9b1910d50fd5a3c701c0091c29aeaa9cd45baab248c071b195e80d021066fb5e0788ff7b8806050acbf6e0cfb6bfb24e8dd69781c878cdda8,common_voice_te_39104597.mp3,రక్తిలేనియాట రాత్రి నిద్దుర చేటు
9a1e28abe05001e9b1910d50fd5a3c701c0091c29aeaa9cd45baab248c071b195e80d021066fb5e0788ff7b8806050acbf6e0cfb6bfb24e8dd69781c878cdda8,common_voice_te_39104595.mp3,కొంపగాలు వేళ
9a1e28abe05001e9b1910d50fd5a3c701c0091c29aeaa9cd45baab248c071b195e80d021066fb5e0788ff7b8806050acbf6e0cfb6bfb24e8dd69781c878cdda8,common_voice_te_39104592.mp3,పెట్టెనిండ కూడబెట్టిన సిరులకు
9a1e28abe05001e9b1910d50fd5a3c701c0091c29aeaa9cd45baab248c071b195e80d021066fb5e0788ff7b8806050acbf6e0cfb6bfb24e8dd69781c878cdda8,common_voice_te_39104590.mp3,మంచి గుణములను గ్రహించుచుండు
9a1e28abe05001e9b1910d50fd5a3c701c0091c29aeaa9cd45baab248c071b195e80d021066fb5e0788ff7b8806050acbf6e0cfb6bfb24e8dd69781c878cdda8,common_voice_te_39104606.mp3,"తుంగభద్ర, భీమా నదుల్లో వరద ప్రవాహం ఉరకలెత్తుతోంది"
9a1e28abe05001e9b1910d50fd5a3c701c0091c29aeaa9cd45baab248c071b195e80d021066fb5e0788ff7b8806050acbf6e0cfb6bfb24e8dd69781c878cdda8,common_voice_te_39104607.mp3,తాతల నుంచి వస్తున్న వృత్తిని వదిలి వేరే పనికి వెళ్ళడానికి మనసు ఒప్పుకోదు
9a1e28abe05001e9b1910d50fd5a3c701c0091c29aeaa9cd45baab248c071b195e80d021066fb5e0788ff7b8806050acbf6e0cfb6bfb24e8dd69781c878cdda8,common_voice_te_39104608.mp3,మద్యమునకు భ్రాంతి
e38d930f65d020a04fd1821bdaa35e16e9da0c2f9d6cc821a1b7e861d08f851a0fc80dcb48c275ba226a664cc602b63f9f59a37d643dfa12727e2bbd084719f7,common_voice_te_39671799.mp3,ఊరులు పల్లెలు నారులు
e38d930f65d020a04fd1821bdaa35e16e9da0c2f9d6cc821a1b7e861d08f851a0fc80dcb48c275ba226a664cc602b63f9f59a37d643dfa12727e2bbd084719f7,common_voice_te_39671742.mp3,విద్యార్థులు ప్రమాదవశాత్తు నీటిలో కొట్టుకుపోయారు
e38d930f65d020a04fd1821bdaa35e16e9da0c2f9d6cc821a1b7e861d08f851a0fc80dcb48c275ba226a664cc602b63f9f59a37d643dfa12727e2bbd084719f7,common_voice_te_39671744.mp3,ఉష్ణోగ్రతలు గణనీయంగా పెరిగిపోయాయి
e38d930f65d020a04fd1821bdaa35e16e9da0c2f9d6cc821a1b7e861d08f851a0fc80dcb48c275ba226a664cc602b63f9f59a37d643dfa12727e2bbd084719f7,common_voice_te_39671746.mp3,పుట్తింట్లో ఉండేటపుడు
e38d930f65d020a04fd1821bdaa35e16e9da0c2f9d6cc821a1b7e861d08f851a0fc80dcb48c275ba226a664cc602b63f9f59a37d643dfa12727e2bbd084719f7,common_voice_te_39671759.mp3,పరమ సుందరంబు ఫలములు
e38d930f65d020a04fd1821bdaa35e16e9da0c2f9d6cc821a1b7e861d08f851a0fc80dcb48c275ba226a664cc602b63f9f59a37d643dfa12727e2bbd084719f7,common_voice_te_39671760.mp3,ఆదివారం సెలవు దినం
e38d930f65d020a04fd1821bdaa35e16e9da0c2f9d6cc821a1b7e861d08f851a0fc80dcb48c275ba226a664cc602b63f9f59a37d643dfa12727e2bbd084719f7,common_voice_te_39671767.mp3,గాలి వేగం పెరిగింది
e38d930f65d020a04fd1821bdaa35e16e9da0c2f9d6cc821a1b7e861d08f851a0fc80dcb48c275ba226a664cc602b63f9f59a37d643dfa12727e2bbd084719f7,common_voice_te_39671769.mp3,తెలుగు దిగ్గజములు
e38d930f65d020a04fd1821bdaa35e16e9da0c2f9d6cc821a1b7e861d08f851a0fc80dcb48c275ba226a664cc602b63f9f59a37d643dfa12727e2bbd084719f7,common_voice_te_39671785.mp3,ఆశపోతువాని కానంద మది కల్ల
e38d930f65d020a04fd1821bdaa35e16e9da0c2f9d6cc821a1b7e861d08f851a0fc80dcb48c275ba226a664cc602b63f9f59a37d643dfa12727e2bbd084719f7,common_voice_te_39671814.mp3,ధరణి నల్లుడన్న దశమ గ్రహంబురా
ff5a9fbec0afba78ffe927a8f44a2d14f0772be1c19daef54cac83fa62cbf33286fe24b4e6d1e24f0f77433f9cdcf14088263b1ee8dcc98df7b911c006afd29a,common_voice_te_40029105.mp3,పిల్లల అభిరుచి మేరకు అవసరమైన సమాచారం దొరుకుతుంది
ff5a9fbec0afba78ffe927a8f44a2d14f0772be1c19daef54cac83fa62cbf33286fe24b4e6d1e24f0f77433f9cdcf14088263b1ee8dcc98df7b911c006afd29a,common_voice_te_40029026.mp3,"చల్లటి గాలి వీస్తోంది, కానీ చల్లగా లేదు."
ff5a9fbec0afba78ffe927a8f44a2d14f0772be1c19daef54cac83fa62cbf33286fe24b4e6d1e24f0f77433f9cdcf14088263b1ee8dcc98df7b911c006afd29a,common_voice_te_40029027.mp3,మణుల గాజుపూస గణుతి గనదు
ff5a9fbec0afba78ffe927a8f44a2d14f0772be1c19daef54cac83fa62cbf33286fe24b4e6d1e24f0f77433f9cdcf14088263b1ee8dcc98df7b911c006afd29a,common_voice_te_40029028.mp3,చిత్రాలు కేవలం వివరణ కొరకు మాత్రమే ఉపయోగించడం జరిగింది
ff5a9fbec0afba78ffe927a8f44a2d14f0772be1c19daef54cac83fa62cbf33286fe24b4e6d1e24f0f77433f9cdcf14088263b1ee8dcc98df7b911c006afd29a,common_voice_te_40029049.mp3,చిన్ననాటి చెలిమిచే నారికేళంబు
ff5a9fbec0afba78ffe927a8f44a2d14f0772be1c19daef54cac83fa62cbf33286fe24b4e6d1e24f0f77433f9cdcf14088263b1ee8dcc98df7b911c006afd29a,common_voice_te_40029050.mp3,తనకు తగని పిచ్చి పనులకు పోనేల
ff5a9fbec0afba78ffe927a8f44a2d14f0772be1c19daef54cac83fa62cbf33286fe24b4e6d1e24f0f77433f9cdcf14088263b1ee8dcc98df7b911c006afd29a,common_voice_te_40029075.mp3,ఈ సారి పండుగ బుధవారం వస్తుంది
ff5a9fbec0afba78ffe927a8f44a2d14f0772be1c19daef54cac83fa62cbf33286fe24b4e6d1e24f0f77433f9cdcf14088263b1ee8dcc98df7b911c006afd29a,common_voice_te_40029076.mp3,మాట
ff5a9fbec0afba78ffe927a8f44a2d14f0772be1c19daef54cac83fa62cbf33286fe24b4e6d1e24f0f77433f9cdcf14088263b1ee8dcc98df7b911c006afd29a,common_voice_te_40029077.mp3,కాకి జున్ను ముక్క కాజేసెరా నక్క
ff5a9fbec0afba78ffe927a8f44a2d14f0772be1c19daef54cac83fa62cbf33286fe24b4e6d1e24f0f77433f9cdcf14088263b1ee8dcc98df7b911c006afd29a,common_voice_te_40029104.mp3,కోతి మేకు పీకి కోల్పోయె ప్రాణాలు
2811afa595adaf67bbc19f3e2cca5d0e101cb465cc8c2791cd5e39174e7c0523aac597eceecc7282ee29c3e5e67575085d3664022f2a25d9a66181d910163dee,common_voice_te_42543943.mp3,త్రాగుబోతు మగడు
2811afa595adaf67bbc19f3e2cca5d0e101cb465cc8c2791cd5e39174e7c0523aac597eceecc7282ee29c3e5e67575085d3664022f2a25d9a66181d910163dee,common_voice_te_42543933.mp3,చాలా కుటుంబాలు శిల్పాలతో కూడిన ధ్వజస్తంభాలు చెక్కడాన్ని వృత్తిగా చేసుకున్నాయి
2811afa595adaf67bbc19f3e2cca5d0e101cb465cc8c2791cd5e39174e7c0523aac597eceecc7282ee29c3e5e67575085d3664022f2a25d9a66181d910163dee,common_voice_te_42534635.mp3,జనులకొరకు ధర్మశాలలు గట్టించి
2811afa595adaf67bbc19f3e2cca5d0e101cb465cc8c2791cd5e39174e7c0523aac597eceecc7282ee29c3e5e67575085d3664022f2a25d9a66181d910163dee,common_voice_te_42534636.mp3,బైట పిచ్చి కుక్క పరిభవించు
2811afa595adaf67bbc19f3e2cca5d0e101cb465cc8c2791cd5e39174e7c0523aac597eceecc7282ee29c3e5e67575085d3664022f2a25d9a66181d910163dee,common_voice_te_42534637.mp3,నీతిలేని చదువు జీతాల చేటురా
2811afa595adaf67bbc19f3e2cca5d0e101cb465cc8c2791cd5e39174e7c0523aac597eceecc7282ee29c3e5e67575085d3664022f2a25d9a66181d910163dee,common_voice_te_42534639.mp3,తొందరపడకుము
2811afa595adaf67bbc19f3e2cca5d0e101cb465cc8c2791cd5e39174e7c0523aac597eceecc7282ee29c3e5e67575085d3664022f2a25d9a66181d910163dee,common_voice_te_42543931.mp3,నీదు కరుణ లేక నేర్పులు కొరగావు
2811afa595adaf67bbc19f3e2cca5d0e101cb465cc8c2791cd5e39174e7c0523aac597eceecc7282ee29c3e5e67575085d3664022f2a25d9a66181d910163dee,common_voice_te_42543945.mp3,చదువొక్కటే కాదు ఆటలు కూడా ముఖ్యమే
2811afa595adaf67bbc19f3e2cca5d0e101cb465cc8c2791cd5e39174e7c0523aac597eceecc7282ee29c3e5e67575085d3664022f2a25d9a66181d910163dee,common_voice_te_42543932.mp3,శీలము కొందరికి అడుగంటును గాక
2811afa595adaf67bbc19f3e2cca5d0e101cb465cc8c2791cd5e39174e7c0523aac597eceecc7282ee29c3e5e67575085d3664022f2a25d9a66181d910163dee,common_voice_te_42543942.mp3,సానుభూతికంటె స్వర్గంబు లేదురా
2811afa595adaf67bbc19f3e2cca5d0e101cb465cc8c2791cd5e39174e7c0523aac597eceecc7282ee29c3e5e67575085d3664022f2a25d9a66181d910163dee,common_voice_te_42543941.mp3,తనకు తగని పిచ్చి పనులకు పోనేల
2811afa595adaf67bbc19f3e2cca5d0e101cb465cc8c2791cd5e39174e7c0523aac597eceecc7282ee29c3e5e67575085d3664022f2a25d9a66181d910163dee,common_voice_te_42543935.mp3,ఆత్మరక్షణకు మనిషి అణ్వాయుధాలను కనిపెట్టాడు.
2811afa595adaf67bbc19f3e2cca5d0e101cb465cc8c2791cd5e39174e7c0523aac597eceecc7282ee29c3e5e67575085d3664022f2a25d9a66181d910163dee,common_voice_te_42543934.mp3,త్యాగభావమునకు తరువులే గురువులు
2735d3e44aebad34b163b3e3e8b31f9cc3ab4bc0626b3104f8885f9877618dd9c08e02fd5acc083564619268a7dcd49b227fe7a019daa0025a2fdebfefcc5df7,common_voice_te_39301070.mp3,బైట పిచ్చి కుక్క పరిభవించు
2735d3e44aebad34b163b3e3e8b31f9cc3ab4bc0626b3104f8885f9877618dd9c08e02fd5acc083564619268a7dcd49b227fe7a019daa0025a2fdebfefcc5df7,common_voice_te_39301067.mp3,సాధు సంగమమున సామాన్యుడును గూడ
2735d3e44aebad34b163b3e3e8b31f9cc3ab4bc0626b3104f8885f9877618dd9c08e02fd5acc083564619268a7dcd49b227fe7a019daa0025a2fdebfefcc5df7,common_voice_te_39301068.mp3,పరీక్షకు నిమిషం ఆలస్యమైనా అనుమతించేది లేదన్నారు
2735d3e44aebad34b163b3e3e8b31f9cc3ab4bc0626b3104f8885f9877618dd9c08e02fd5acc083564619268a7dcd49b227fe7a019daa0025a2fdebfefcc5df7,common_voice_te_39301069.mp3,బీదసాద నెంతొ యాదరించి
2735d3e44aebad34b163b3e3e8b31f9cc3ab4bc0626b3104f8885f9877618dd9c08e02fd5acc083564619268a7dcd49b227fe7a019daa0025a2fdebfefcc5df7,common_voice_te_39301049.mp3,కాదు అనక మీరు కదలండి ధరణికి
2735d3e44aebad34b163b3e3e8b31f9cc3ab4bc0626b3104f8885f9877618dd9c08e02fd5acc083564619268a7dcd49b227fe7a019daa0025a2fdebfefcc5df7,common_voice_te_39301050.mp3,కష్టాలు కలిగిన
2735d3e44aebad34b163b3e3e8b31f9cc3ab4bc0626b3104f8885f9877618dd9c08e02fd5acc083564619268a7dcd49b227fe7a019daa0025a2fdebfefcc5df7,common_voice_te_39301053.mp3,వివిధ సంఘాలు మద్దతు ప్రకటించాయి
2735d3e44aebad34b163b3e3e8b31f9cc3ab4bc0626b3104f8885f9877618dd9c08e02fd5acc083564619268a7dcd49b227fe7a019daa0025a2fdebfefcc5df7,common_voice_te_39301085.mp3,చెట్లు పూలుపూచు
2735d3e44aebad34b163b3e3e8b31f9cc3ab4bc0626b3104f8885f9877618dd9c08e02fd5acc083564619268a7dcd49b227fe7a019daa0025a2fdebfefcc5df7,common_voice_te_39301086.mp3,సూక్తిలేని మాట శ్రుతిలేని పాటరా
2735d3e44aebad34b163b3e3e8b31f9cc3ab4bc0626b3104f8885f9877618dd9c08e02fd5acc083564619268a7dcd49b227fe7a019daa0025a2fdebfefcc5df7,common_voice_te_39301083.mp3,సరిహద్దు వద్దకు అదనపు బలగాలను పంపడం నిలిపివేయాలని నిర్ణయించుకున్నాయి.
2735d3e44aebad34b163b3e3e8b31f9cc3ab4bc0626b3104f8885f9877618dd9c08e02fd5acc083564619268a7dcd49b227fe7a019daa0025a2fdebfefcc5df7,common_voice_te_39301084.mp3,ముందుచూపు లేని మూర్ఖుండు చెడిపోవు
2735d3e44aebad34b163b3e3e8b31f9cc3ab4bc0626b3104f8885f9877618dd9c08e02fd5acc083564619268a7dcd49b227fe7a019daa0025a2fdebfefcc5df7,common_voice_te_39301081.mp3,భారీ వర్షం జిల్లాను ముంచెత్తింది
2735d3e44aebad34b163b3e3e8b31f9cc3ab4bc0626b3104f8885f9877618dd9c08e02fd5acc083564619268a7dcd49b227fe7a019daa0025a2fdebfefcc5df7,common_voice_te_39301080.mp3,గతేడాది విదేశీ పర్యాటకులను ఆకర్షించడంతో ఆదాయం పెరిగింది
2735d3e44aebad34b163b3e3e8b31f9cc3ab4bc0626b3104f8885f9877618dd9c08e02fd5acc083564619268a7dcd49b227fe7a019daa0025a2fdebfefcc5df7,common_voice_te_39301071.mp3,అలుగు పారి చెరువు జలముల కాపాడు
52387a9c0d3464a3bea7d1841d86238d83679aecb39dd88e28f7adc17af8136baef04389cfdf736f4b8a436a97052c15a2695abaf367f3286f4468b06cd32b1d,common_voice_te_41714720.mp3,ఉడకని అన్నం తింటే కడుపు నొప్పి వస్తుంది.
52387a9c0d3464a3bea7d1841d86238d83679aecb39dd88e28f7adc17af8136baef04389cfdf736f4b8a436a97052c15a2695abaf367f3286f4468b06cd32b1d,common_voice_te_41714710.mp3,పలుమాఱు పిలిచిన
52387a9c0d3464a3bea7d1841d86238d83679aecb39dd88e28f7adc17af8136baef04389cfdf736f4b8a436a97052c15a2695abaf367f3286f4468b06cd32b1d,common_voice_te_41714709.mp3,చెట్లు పూలుపూచు
52387a9c0d3464a3bea7d1841d86238d83679aecb39dd88e28f7adc17af8136baef04389cfdf736f4b8a436a97052c15a2695abaf367f3286f4468b06cd32b1d,common_voice_te_41714708.mp3,గాలి వీచు చెట్లు పూలుపూచు
52387a9c0d3464a3bea7d1841d86238d83679aecb39dd88e28f7adc17af8136baef04389cfdf736f4b8a436a97052c15a2695abaf367f3286f4468b06cd32b1d,common_voice_te_41714706.mp3,ముందుచూపు లేని మూర్ఖుండు చెడిపోవు
52387a9c0d3464a3bea7d1841d86238d83679aecb39dd88e28f7adc17af8136baef04389cfdf736f4b8a436a97052c15a2695abaf367f3286f4468b06cd32b1d,common_voice_te_41714705.mp3,సర్వగోళములను పాలించునది
52387a9c0d3464a3bea7d1841d86238d83679aecb39dd88e28f7adc17af8136baef04389cfdf736f4b8a436a97052c15a2695abaf367f3286f4468b06cd32b1d,common_voice_te_41714704.mp3,ఇప్పుడు ఏమి చేయాలో నాకు తెలియదు.
52387a9c0d3464a3bea7d1841d86238d83679aecb39dd88e28f7adc17af8136baef04389cfdf736f4b8a436a97052c15a2695abaf367f3286f4468b06cd32b1d,common_voice_te_41714703.mp3,గంగానదీమ తల్లి మొదట అంతరిక్షము నుండి ఏశ్వరుని శిరస్సు మీదకూ
52387a9c0d3464a3bea7d1841d86238d83679aecb39dd88e28f7adc17af8136baef04389cfdf736f4b8a436a97052c15a2695abaf367f3286f4468b06cd32b1d,common_voice_te_41714702.mp3,కలము చేతపట్టి కావ్యమ్ము రచింయిచె
52387a9c0d3464a3bea7d1841d86238d83679aecb39dd88e28f7adc17af8136baef04389cfdf736f4b8a436a97052c15a2695abaf367f3286f4468b06cd32b1d,common_voice_te_41714701.mp3,ప్రకృతి వైపరీత్యాల సమయంలో తీవ్ర ఇబ్బందులు పడుతున్నాం.
52387a9c0d3464a3bea7d1841d86238d83679aecb39dd88e28f7adc17af8136baef04389cfdf736f4b8a436a97052c15a2695abaf367f3286f4468b06cd32b1d,common_voice_te_41714700.mp3,కలిమి లేక చెలిమికాండ్రు లేరు
52387a9c0d3464a3bea7d1841d86238d83679aecb39dd88e28f7adc17af8136baef04389cfdf736f4b8a436a97052c15a2695abaf367f3286f4468b06cd32b1d,common_voice_te_41714699.mp3,బావి నీటిలోన ప్రతిబింబమును చూపి
52387a9c0d3464a3bea7d1841d86238d83679aecb39dd88e28f7adc17af8136baef04389cfdf736f4b8a436a97052c15a2695abaf367f3286f4468b06cd32b1d,common_voice_te_41714723.mp3,స్వాతంత్ర మనరాదు
52387a9c0d3464a3bea7d1841d86238d83679aecb39dd88e28f7adc17af8136baef04389cfdf736f4b8a436a97052c15a2695abaf367f3286f4468b06cd32b1d,common_voice_te_41714711.mp3,త్యాగభావమునకు తరువులే గురువులు
52387a9c0d3464a3bea7d1841d86238d83679aecb39dd88e28f7adc17af8136baef04389cfdf736f4b8a436a97052c15a2695abaf367f3286f4468b06cd32b1d,common_voice_te_41714712.mp3,పరశురాముని జయించినవాడవు
52387a9c0d3464a3bea7d1841d86238d83679aecb39dd88e28f7adc17af8136baef04389cfdf736f4b8a436a97052c15a2695abaf367f3286f4468b06cd32b1d,common_voice_te_41714713.mp3,సిద్ధహస్తుడోయి శ్రీనాథకవిరాజు
52387a9c0d3464a3bea7d1841d86238d83679aecb39dd88e28f7adc17af8136baef04389cfdf736f4b8a436a97052c15a2695abaf367f3286f4468b06cd32b1d,common_voice_te_41714719.mp3,శుక్రవారం వారు ఇక్కడ మీడియాతో మాట్లాడారు
52387a9c0d3464a3bea7d1841d86238d83679aecb39dd88e28f7adc17af8136baef04389cfdf736f4b8a436a97052c15a2695abaf367f3286f4468b06cd32b1d,common_voice_te_41714721.mp3,బాలమానసముల మేలుకొల్పు
52387a9c0d3464a3bea7d1841d86238d83679aecb39dd88e28f7adc17af8136baef04389cfdf736f4b8a436a97052c15a2695abaf367f3286f4468b06cd32b1d,common_voice_te_41714722.mp3,మంగళవారం నాడు నేను వేరే చోటికి పోతాను
7c11493b24f357035c9ef8fb013a4543551ba504a0ce68a940a93568a42039c1be0f4ade43219a077b6c58ef3909956a1c9509b45eaa6781eb49c68e98ef4d1a,common_voice_te_39110299.mp3,తెనుగు తల్లి సాధుజన కల్పవల్లిరా
7c11493b24f357035c9ef8fb013a4543551ba504a0ce68a940a93568a42039c1be0f4ade43219a077b6c58ef3909956a1c9509b45eaa6781eb49c68e98ef4d1a,common_voice_te_39110292.mp3,శనివారం రాత్రి నుంచి మొదలైన వర్షం ఆదివారం రోజంతా కొనసాగింది
7c11493b24f357035c9ef8fb013a4543551ba504a0ce68a940a93568a42039c1be0f4ade43219a077b6c58ef3909956a1c9509b45eaa6781eb49c68e98ef4d1a,common_voice_te_39110248.mp3,తెలుగుబాల! శతకం
7c11493b24f357035c9ef8fb013a4543551ba504a0ce68a940a93568a42039c1be0f4ade43219a077b6c58ef3909956a1c9509b45eaa6781eb49c68e98ef4d1a,common_voice_te_39110255.mp3,మంచివారి మోసగించుచుండు
7c11493b24f357035c9ef8fb013a4543551ba504a0ce68a940a93568a42039c1be0f4ade43219a077b6c58ef3909956a1c9509b45eaa6781eb49c68e98ef4d1a,common_voice_te_39110257.mp3,"నేడు, రేపు రాయలసీమలో భారీ వర్షాలు పడే అవకాశాలున్నాయి"
7c11493b24f357035c9ef8fb013a4543551ba504a0ce68a940a93568a42039c1be0f4ade43219a077b6c58ef3909956a1c9509b45eaa6781eb49c68e98ef4d1a,common_voice_te_39110289.mp3,మార్కెట్ యార్డులోని గోదాములో భద్రపరిచిన మిర్చి బస్తాలు అగ్ని ప్రమాదంలో కాలిపోవడంతో చాల నష్టం వాటిల్లింది.
7c11493b24f357035c9ef8fb013a4543551ba504a0ce68a940a93568a42039c1be0f4ade43219a077b6c58ef3909956a1c9509b45eaa6781eb49c68e98ef4d1a,common_voice_te_39110290.mp3,తుంగభద్ర నాడు పొంగులెత్తినదిరా
7c11493b24f357035c9ef8fb013a4543551ba504a0ce68a940a93568a42039c1be0f4ade43219a077b6c58ef3909956a1c9509b45eaa6781eb49c68e98ef4d1a,common_voice_te_39110254.mp3,పేరుగన్న కర్మవీరుడే మృతజీవి
7c11493b24f357035c9ef8fb013a4543551ba504a0ce68a940a93568a42039c1be0f4ade43219a077b6c58ef3909956a1c9509b45eaa6781eb49c68e98ef4d1a,common_voice_te_39110242.mp3,మధురజలము లొసగు మానవులకు
7c11493b24f357035c9ef8fb013a4543551ba504a0ce68a940a93568a42039c1be0f4ade43219a077b6c58ef3909956a1c9509b45eaa6781eb49c68e98ef4d1a,common_voice_te_39110243.mp3,పాపికొండల అభయారణ్యంలో రంగురంగుల సీతాకోకచిలుకలు ఉన్నాయి.
7c11493b24f357035c9ef8fb013a4543551ba504a0ce68a940a93568a42039c1be0f4ade43219a077b6c58ef3909956a1c9509b45eaa6781eb49c68e98ef4d1a,common_voice_te_39110244.mp3,ఎవరూ డబ్బు పంపవద్దని వారు తెలియజేసారు
7c11493b24f357035c9ef8fb013a4543551ba504a0ce68a940a93568a42039c1be0f4ade43219a077b6c58ef3909956a1c9509b45eaa6781eb49c68e98ef4d1a,common_voice_te_39110245.mp3,మణుల గాజుపూస గణుతి గనదు
7c11493b24f357035c9ef8fb013a4543551ba504a0ce68a940a93568a42039c1be0f4ade43219a077b6c58ef3909956a1c9509b45eaa6781eb49c68e98ef4d1a,common_voice_te_39110246.mp3,చెట్లు పూలుపూచు
7c11493b24f357035c9ef8fb013a4543551ba504a0ce68a940a93568a42039c1be0f4ade43219a077b6c58ef3909956a1c9509b45eaa6781eb49c68e98ef4d1a,common_voice_te_39110291.mp3,గుండెపోటు రావడంతో ఆమె ప్రాణం కోల్పోయింది.
7c11493b24f357035c9ef8fb013a4543551ba504a0ce68a940a93568a42039c1be0f4ade43219a077b6c58ef3909956a1c9509b45eaa6781eb49c68e98ef4d1a,common_voice_te_39110303.mp3,ముద్దనూరు చెరువు కట్ట తెగింది
7c11493b24f357035c9ef8fb013a4543551ba504a0ce68a940a93568a42039c1be0f4ade43219a077b6c58ef3909956a1c9509b45eaa6781eb49c68e98ef4d1a,common_voice_te_39110302.mp3,పలుచోట్ల పంటలకు నష్టం వాటిల్లింది
7c11493b24f357035c9ef8fb013a4543551ba504a0ce68a940a93568a42039c1be0f4ade43219a077b6c58ef3909956a1c9509b45eaa6781eb49c68e98ef4d1a,common_voice_te_39110301.mp3,బైట పిచ్చి కుక్క పరిభవించు
7c11493b24f357035c9ef8fb013a4543551ba504a0ce68a940a93568a42039c1be0f4ade43219a077b6c58ef3909956a1c9509b45eaa6781eb49c68e98ef4d1a,common_voice_te_39110293.mp3,అప్పటి నుంచి నిందితులు పరారీలో ఉన్నారు.
7c11493b24f357035c9ef8fb013a4543551ba504a0ce68a940a93568a42039c1be0f4ade43219a077b6c58ef3909956a1c9509b45eaa6781eb49c68e98ef4d1a,common_voice_te_39110300.mp3,రహస్యంగా నాటు తుపాకీలు తయారు చేస్తున్న కేంద్రంపై పోలీసులు దాడి చేసి కొంతమందిని అరెస్ట్ చేసారు.
7c11493b24f357035c9ef8fb013a4543551ba504a0ce68a940a93568a42039c1be0f4ade43219a077b6c58ef3909956a1c9509b45eaa6781eb49c68e98ef4d1a,common_voice_te_39110239.mp3,నక్క చచ్చె వింటినారి కొరికి
05244647cd15f518ccbc377f068d6ffbb7de28941f10de3c7c4c6619ac5bf27749d2c195b3c2452e495130daaa3c8fbae62d5b3bffe4c2540b1c8caf5cb82b2f,common_voice_te_40029919.mp3,చంచలంబు లివ్వి
05244647cd15f518ccbc377f068d6ffbb7de28941f10de3c7c4c6619ac5bf27749d2c195b3c2452e495130daaa3c8fbae62d5b3bffe4c2540b1c8caf5cb82b2f,common_voice_te_40029735.mp3,జుట్టు జుట్టు పట్టి కొట్టుకొనిరి
05244647cd15f518ccbc377f068d6ffbb7de28941f10de3c7c4c6619ac5bf27749d2c195b3c2452e495130daaa3c8fbae62d5b3bffe4c2540b1c8caf5cb82b2f,common_voice_te_40029886.mp3,ఇటీవల వర్షాలు బాగా కురిసాయి
05244647cd15f518ccbc377f068d6ffbb7de28941f10de3c7c4c6619ac5bf27749d2c195b3c2452e495130daaa3c8fbae62d5b3bffe4c2540b1c8caf5cb82b2f,common_voice_te_40029635.mp3,మాట
05244647cd15f518ccbc377f068d6ffbb7de28941f10de3c7c4c6619ac5bf27749d2c195b3c2452e495130daaa3c8fbae62d5b3bffe4c2540b1c8caf5cb82b2f,common_voice_te_40029668.mp3,కరుణశ్రీ
05244647cd15f518ccbc377f068d6ffbb7de28941f10de3c7c4c6619ac5bf27749d2c195b3c2452e495130daaa3c8fbae62d5b3bffe4c2540b1c8caf5cb82b2f,common_voice_te_40029669.mp3,కష్టపెట్టబోకు కన్నతల్లి మనస్సు
05244647cd15f518ccbc377f068d6ffbb7de28941f10de3c7c4c6619ac5bf27749d2c195b3c2452e495130daaa3c8fbae62d5b3bffe4c2540b1c8caf5cb82b2f,common_voice_te_40029731.mp3,దేశమంతటా తుఫాను వాతావరణం నెలకొంది.
05244647cd15f518ccbc377f068d6ffbb7de28941f10de3c7c4c6619ac5bf27749d2c195b3c2452e495130daaa3c8fbae62d5b3bffe4c2540b1c8caf5cb82b2f,common_voice_te_40029765.mp3,నైకమత్యమే మహాబలమ్ము
05244647cd15f518ccbc377f068d6ffbb7de28941f10de3c7c4c6619ac5bf27749d2c195b3c2452e495130daaa3c8fbae62d5b3bffe4c2540b1c8caf5cb82b2f,common_voice_te_40029733.mp3,మనసు కలక దేర్చు
05244647cd15f518ccbc377f068d6ffbb7de28941f10de3c7c4c6619ac5bf27749d2c195b3c2452e495130daaa3c8fbae62d5b3bffe4c2540b1c8caf5cb82b2f,common_voice_te_40029762.mp3,"వాగులు, వంకలు పొంగి పొర్లుతున్నాయి"
05244647cd15f518ccbc377f068d6ffbb7de28941f10de3c7c4c6619ac5bf27749d2c195b3c2452e495130daaa3c8fbae62d5b3bffe4c2540b1c8caf5cb82b2f,common_voice_te_40029746.mp3,ఇప్పుడు ఏమి చేయాలో నాకు తెలియదు.
05244647cd15f518ccbc377f068d6ffbb7de28941f10de3c7c4c6619ac5bf27749d2c195b3c2452e495130daaa3c8fbae62d5b3bffe4c2540b1c8caf5cb82b2f,common_voice_te_40029870.mp3,భాషితము వేరు
05244647cd15f518ccbc377f068d6ffbb7de28941f10de3c7c4c6619ac5bf27749d2c195b3c2452e495130daaa3c8fbae62d5b3bffe4c2540b1c8caf5cb82b2f,common_voice_te_40029958.mp3,ఆంతర్యమునకు
05244647cd15f518ccbc377f068d6ffbb7de28941f10de3c7c4c6619ac5bf27749d2c195b3c2452e495130daaa3c8fbae62d5b3bffe4c2540b1c8caf5cb82b2f,common_voice_te_40029944.mp3,కుమార శతకము
05244647cd15f518ccbc377f068d6ffbb7de28941f10de3c7c4c6619ac5bf27749d2c195b3c2452e495130daaa3c8fbae62d5b3bffe4c2540b1c8caf5cb82b2f,common_voice_te_40029790.mp3,సజ్జనులకు శాంతి సహజధర్మంబులు
05244647cd15f518ccbc377f068d6ffbb7de28941f10de3c7c4c6619ac5bf27749d2c195b3c2452e495130daaa3c8fbae62d5b3bffe4c2540b1c8caf5cb82b2f,common_voice_te_40029802.mp3,దాడి చేయు వాడె
05244647cd15f518ccbc377f068d6ffbb7de28941f10de3c7c4c6619ac5bf27749d2c195b3c2452e495130daaa3c8fbae62d5b3bffe4c2540b1c8caf5cb82b2f,common_voice_te_40029806.mp3,కలిమి గలిగి
05244647cd15f518ccbc377f068d6ffbb7de28941f10de3c7c4c6619ac5bf27749d2c195b3c2452e495130daaa3c8fbae62d5b3bffe4c2540b1c8caf5cb82b2f,common_voice_te_40029943.mp3,మధుకరంబు వచ్చి మకరందమును ద్రావు
05244647cd15f518ccbc377f068d6ffbb7de28941f10de3c7c4c6619ac5bf27749d2c195b3c2452e495130daaa3c8fbae62d5b3bffe4c2540b1c8caf5cb82b2f,common_voice_te_40029843.mp3,అన్యులము కాదు
05244647cd15f518ccbc377f068d6ffbb7de28941f10de3c7c4c6619ac5bf27749d2c195b3c2452e495130daaa3c8fbae62d5b3bffe4c2540b1c8caf5cb82b2f,common_voice_te_40029847.mp3,ఈ సారి పండుగ బుధవారం వస్తుంది
05244647cd15f518ccbc377f068d6ffbb7de28941f10de3c7c4c6619ac5bf27749d2c195b3c2452e495130daaa3c8fbae62d5b3bffe4c2540b1c8caf5cb82b2f,common_voice_te_40029867.mp3,గురువారం నాకు ఏ పని లేదు
1b342135c239801d23c620f641362b61992a6d880af097a81ed9a93d9bed543137e4cfaf6a061d974b8bd26e31216dda669807ceb2ab9dc1584954b5b996e86d,common_voice_te_39104668.mp3,కరుల గుండె లదర గర్జించునా నక్క
1b342135c239801d23c620f641362b61992a6d880af097a81ed9a93d9bed543137e4cfaf6a061d974b8bd26e31216dda669807ceb2ab9dc1584954b5b996e86d,common_voice_te_39104711.mp3,బావి త్రవ్వ నేమి ఫలము గలుగు
1b342135c239801d23c620f641362b61992a6d880af097a81ed9a93d9bed543137e4cfaf6a061d974b8bd26e31216dda669807ceb2ab9dc1584954b5b996e86d,common_voice_te_39104662.mp3,మాట
1b342135c239801d23c620f641362b61992a6d880af097a81ed9a93d9bed543137e4cfaf6a061d974b8bd26e31216dda669807ceb2ab9dc1584954b5b996e86d,common_voice_te_39104661.mp3,ఈ ఖరీఫ్లో రాష్ట్రంలో వర్షాలు విస్తారంగా కురిసాయి
1b342135c239801d23c620f641362b61992a6d880af097a81ed9a93d9bed543137e4cfaf6a061d974b8bd26e31216dda669807ceb2ab9dc1584954b5b996e86d,common_voice_te_39104660.mp3,వాగులో చిక్కుకున్న వారిని గజ ఈతగాళ్లు ఒడ్డుకు చేర్చారు
1b342135c239801d23c620f641362b61992a6d880af097a81ed9a93d9bed543137e4cfaf6a061d974b8bd26e31216dda669807ceb2ab9dc1584954b5b996e86d,common_voice_te_39104659.mp3,ధర్మమున్న చోట ధనము లేదు
1b342135c239801d23c620f641362b61992a6d880af097a81ed9a93d9bed543137e4cfaf6a061d974b8bd26e31216dda669807ceb2ab9dc1584954b5b996e86d,common_voice_te_39104658.mp3,బడికి నడువలేడు
1b342135c239801d23c620f641362b61992a6d880af097a81ed9a93d9bed543137e4cfaf6a061d974b8bd26e31216dda669807ceb2ab9dc1584954b5b996e86d,common_voice_te_39104657.mp3,తాతల నుంచి వస్తున్న వృత్తిని వదిలి వేరే పనికి వెళ్ళడానికి మనసు ఒప్పుకోదు
1b342135c239801d23c620f641362b61992a6d880af097a81ed9a93d9bed543137e4cfaf6a061d974b8bd26e31216dda669807ceb2ab9dc1584954b5b996e86d,common_voice_te_39104656.mp3,విద్య గనని జనులు
1b342135c239801d23c620f641362b61992a6d880af097a81ed9a93d9bed543137e4cfaf6a061d974b8bd26e31216dda669807ceb2ab9dc1584954b5b996e86d,common_voice_te_39104655.mp3,అతిథిజనుల వీడి అభ్యాగతుల వీడి
1b342135c239801d23c620f641362b61992a6d880af097a81ed9a93d9bed543137e4cfaf6a061d974b8bd26e31216dda669807ceb2ab9dc1584954b5b996e86d,common_voice_te_39104671.mp3,సామాన్యులతో పోట్లాడకుము
1b342135c239801d23c620f641362b61992a6d880af097a81ed9a93d9bed543137e4cfaf6a061d974b8bd26e31216dda669807ceb2ab9dc1584954b5b996e86d,common_voice_te_39104654.mp3,స్థూల శరీర సంపర్కముచే
1b342135c239801d23c620f641362b61992a6d880af097a81ed9a93d9bed543137e4cfaf6a061d974b8bd26e31216dda669807ceb2ab9dc1584954b5b996e86d,common_voice_te_39104653.mp3,మెదడు పాడుచేయు
1b342135c239801d23c620f641362b61992a6d880af097a81ed9a93d9bed543137e4cfaf6a061d974b8bd26e31216dda669807ceb2ab9dc1584954b5b996e86d,common_voice_te_39104669.mp3,వరపరాక్రములకు వయసుతో పనిలేదు
1b342135c239801d23c620f641362b61992a6d880af097a81ed9a93d9bed543137e4cfaf6a061d974b8bd26e31216dda669807ceb2ab9dc1584954b5b996e86d,common_voice_te_39104672.mp3,న్యాయపరమైన వివాదాలతో నిలిచిపోయిన నియామక ప్రక్రియ ముఖ్యమంత్రి చొరవతో ఎట్టకేలకు పరిష్కారానికి నోచుకుంది.
1b342135c239801d23c620f641362b61992a6d880af097a81ed9a93d9bed543137e4cfaf6a061d974b8bd26e31216dda669807ceb2ab9dc1584954b5b996e86d,common_voice_te_39104670.mp3,నదులయందు గంగ
1b342135c239801d23c620f641362b61992a6d880af097a81ed9a93d9bed543137e4cfaf6a061d974b8bd26e31216dda669807ceb2ab9dc1584954b5b996e86d,common_voice_te_39104692.mp3,ధర్మమును రక్షింపుము
1b342135c239801d23c620f641362b61992a6d880af097a81ed9a93d9bed543137e4cfaf6a061d974b8bd26e31216dda669807ceb2ab9dc1584954b5b996e86d,common_voice_te_39104694.mp3,చిత్రాలు కేవలం వివరణ కొరకు మాత్రమే ఉపయోగించడం జరిగింది
1b342135c239801d23c620f641362b61992a6d880af097a81ed9a93d9bed543137e4cfaf6a061d974b8bd26e31216dda669807ceb2ab9dc1584954b5b996e86d,common_voice_te_39104695.mp3,పలుచోట్ల పంటలకు నష్టం వాటిల్లింది
1b342135c239801d23c620f641362b61992a6d880af097a81ed9a93d9bed543137e4cfaf6a061d974b8bd26e31216dda669807ceb2ab9dc1584954b5b996e86d,common_voice_te_39104696.mp3,నీతిలేని వాని నేస్తంబురోతరా
1b342135c239801d23c620f641362b61992a6d880af097a81ed9a93d9bed543137e4cfaf6a061d974b8bd26e31216dda669807ceb2ab9dc1584954b5b996e86d,common_voice_te_39104708.mp3,మనుజుని పోనాడి
1b342135c239801d23c620f641362b61992a6d880af097a81ed9a93d9bed543137e4cfaf6a061d974b8bd26e31216dda669807ceb2ab9dc1584954b5b996e86d,common_voice_te_39104710.mp3,హలము చేతబట్టి పొలము దున్నె
1b342135c239801d23c620f641362b61992a6d880af097a81ed9a93d9bed543137e4cfaf6a061d974b8bd26e31216dda669807ceb2ab9dc1584954b5b996e86d,common_voice_te_39104709.mp3,కరుణశ్రీ
1b342135c239801d23c620f641362b61992a6d880af097a81ed9a93d9bed543137e4cfaf6a061d974b8bd26e31216dda669807ceb2ab9dc1584954b5b996e86d,common_voice_te_39104712.mp3,భాగవతము వ్రాసె బమ్మెర పోతన్న
ace7e385170ef23e7f5cdd7e6cae7cc09318c5fdfee762833340c84e99e6aa767f57764f5da985193e198913e2c3e88b0b6aed65ee29b4c7033a77bd34a12a62,common_voice_te_40030885.mp3,తెలుగుబాల! శతకం
ace7e385170ef23e7f5cdd7e6cae7cc09318c5fdfee762833340c84e99e6aa767f57764f5da985193e198913e2c3e88b0b6aed65ee29b4c7033a77bd34a12a62,common_voice_te_40030753.mp3,ముద్దనూరు చెరువు కట్ట తెగింది
ace7e385170ef23e7f5cdd7e6cae7cc09318c5fdfee762833340c84e99e6aa767f57764f5da985193e198913e2c3e88b0b6aed65ee29b4c7033a77bd34a12a62,common_voice_te_40031370.mp3,పలుకుపలుకులోన నొలికెరా ముత్యాలు
ace7e385170ef23e7f5cdd7e6cae7cc09318c5fdfee762833340c84e99e6aa767f57764f5da985193e198913e2c3e88b0b6aed65ee29b4c7033a77bd34a12a62,common_voice_te_40031151.mp3,కాకి గూడు
ace7e385170ef23e7f5cdd7e6cae7cc09318c5fdfee762833340c84e99e6aa767f57764f5da985193e198913e2c3e88b0b6aed65ee29b4c7033a77bd34a12a62,common_voice_te_40031332.mp3,రసిక శేఖరులకు నొసగినాడు
ace7e385170ef23e7f5cdd7e6cae7cc09318c5fdfee762833340c84e99e6aa767f57764f5da985193e198913e2c3e88b0b6aed65ee29b4c7033a77bd34a12a62,common_voice_te_40031287.mp3,ముందుచూపు లేని మూర్ఖుండు చెడిపోవు
ace7e385170ef23e7f5cdd7e6cae7cc09318c5fdfee762833340c84e99e6aa767f57764f5da985193e198913e2c3e88b0b6aed65ee29b4c7033a77bd34a12a62,common_voice_te_40030751.mp3,పావురములు వలను పైకెత్తుకొని పోవె
ace7e385170ef23e7f5cdd7e6cae7cc09318c5fdfee762833340c84e99e6aa767f57764f5da985193e198913e2c3e88b0b6aed65ee29b4c7033a77bd34a12a62,common_voice_te_40030830.mp3,కష్టాలు కలిగిన
ace7e385170ef23e7f5cdd7e6cae7cc09318c5fdfee762833340c84e99e6aa767f57764f5da985193e198913e2c3e88b0b6aed65ee29b4c7033a77bd34a12a62,common_voice_te_40031185.mp3,జంధ్యాల పాపయ్యశాస్త్రిగారు రచించారు
ace7e385170ef23e7f5cdd7e6cae7cc09318c5fdfee762833340c84e99e6aa767f57764f5da985193e198913e2c3e88b0b6aed65ee29b4c7033a77bd34a12a62,common_voice_te_40031152.mp3,రసము పొంగి పొంగి రామాయణంబయ్యె
ace7e385170ef23e7f5cdd7e6cae7cc09318c5fdfee762833340c84e99e6aa767f57764f5da985193e198913e2c3e88b0b6aed65ee29b4c7033a77bd34a12a62,common_voice_te_40031178.mp3,ఇప్పుడు ఏమి చేయాలో నాకు తెలియదు.
ace7e385170ef23e7f5cdd7e6cae7cc09318c5fdfee762833340c84e99e6aa767f57764f5da985193e198913e2c3e88b0b6aed65ee29b4c7033a77bd34a12a62,common_voice_te_40031171.mp3,గాలి వీచు చెట్లు పూలుపూచు
ace7e385170ef23e7f5cdd7e6cae7cc09318c5fdfee762833340c84e99e6aa767f57764f5da985193e198913e2c3e88b0b6aed65ee29b4c7033a77bd34a12a62,common_voice_te_40030752.mp3,ధరణి నల్లుడన్న దశమ గ్రహంబురా
ace7e385170ef23e7f5cdd7e6cae7cc09318c5fdfee762833340c84e99e6aa767f57764f5da985193e198913e2c3e88b0b6aed65ee29b4c7033a77bd34a12a62,common_voice_te_40031355.mp3,వాగులో చిక్కుకున్న వారిని గజ ఈతగాళ్లు ఒడ్డుకు చేర్చారు
ace7e385170ef23e7f5cdd7e6cae7cc09318c5fdfee762833340c84e99e6aa767f57764f5da985193e198913e2c3e88b0b6aed65ee29b4c7033a77bd34a12a62,common_voice_te_40030765.mp3,చంచలంబు లివ్వి
ace7e385170ef23e7f5cdd7e6cae7cc09318c5fdfee762833340c84e99e6aa767f57764f5da985193e198913e2c3e88b0b6aed65ee29b4c7033a77bd34a12a62,common_voice_te_40030837.mp3,వేడిగాలులు వీయలేదు
ace7e385170ef23e7f5cdd7e6cae7cc09318c5fdfee762833340c84e99e6aa767f57764f5da985193e198913e2c3e88b0b6aed65ee29b4c7033a77bd34a12a62,common_voice_te_40030916.mp3,సామాన్యులతో పోట్లాడకుము
ace7e385170ef23e7f5cdd7e6cae7cc09318c5fdfee762833340c84e99e6aa767f57764f5da985193e198913e2c3e88b0b6aed65ee29b4c7033a77bd34a12a62,common_voice_te_40030769.mp3,నీచమని చూడరాదు
ace7e385170ef23e7f5cdd7e6cae7cc09318c5fdfee762833340c84e99e6aa767f57764f5da985193e198913e2c3e88b0b6aed65ee29b4c7033a77bd34a12a62,common_voice_te_40030827.mp3,దొరలు దోచలేరు
ace7e385170ef23e7f5cdd7e6cae7cc09318c5fdfee762833340c84e99e6aa767f57764f5da985193e198913e2c3e88b0b6aed65ee29b4c7033a77bd34a12a62,common_voice_te_40030998.mp3,చలిగాలులు వీచాయి
ace7e385170ef23e7f5cdd7e6cae7cc09318c5fdfee762833340c84e99e6aa767f57764f5da985193e198913e2c3e88b0b6aed65ee29b4c7033a77bd34a12a62,common_voice_te_40030999.mp3,గాలి వేగం పెరిగింది
ace7e385170ef23e7f5cdd7e6cae7cc09318c5fdfee762833340c84e99e6aa767f57764f5da985193e198913e2c3e88b0b6aed65ee29b4c7033a77bd34a12a62,common_voice_te_40031031.mp3,ఆ అబ్బాయి చెడ్డవాడు.
ace7e385170ef23e7f5cdd7e6cae7cc09318c5fdfee762833340c84e99e6aa767f57764f5da985193e198913e2c3e88b0b6aed65ee29b4c7033a77bd34a12a62,common_voice_te_40031039.mp3,చాలా కుటుంబాలు శిల్పాలతో కూడిన ధ్వజస్తంభాలు చెక్కడాన్ని వృత్తిగా చేసుకున్నాయి
ace7e385170ef23e7f5cdd7e6cae7cc09318c5fdfee762833340c84e99e6aa767f57764f5da985193e198913e2c3e88b0b6aed65ee29b4c7033a77bd34a12a62,common_voice_te_40031040.mp3,రాజురాజు బిడ్డరా నేటి విద్యార్థి
ace7e385170ef23e7f5cdd7e6cae7cc09318c5fdfee762833340c84e99e6aa767f57764f5da985193e198913e2c3e88b0b6aed65ee29b4c7033a77bd34a12a62,common_voice_te_40031060.mp3,గాలి చాలా వేగంగా వీస్తోంది.
ace7e385170ef23e7f5cdd7e6cae7cc09318c5fdfee762833340c84e99e6aa767f57764f5da985193e198913e2c3e88b0b6aed65ee29b4c7033a77bd34a12a62,common_voice_te_40031088.mp3,సాక్షి ఆచూకీ తెలియరాలేదు
ace7e385170ef23e7f5cdd7e6cae7cc09318c5fdfee762833340c84e99e6aa767f57764f5da985193e198913e2c3e88b0b6aed65ee29b4c7033a77bd34a12a62,common_voice_te_40031126.mp3,జనులకొరకు ధర్మశాలలు గట్టించి
ace7e385170ef23e7f5cdd7e6cae7cc09318c5fdfee762833340c84e99e6aa767f57764f5da985193e198913e2c3e88b0b6aed65ee29b4c7033a77bd34a12a62,common_voice_te_40031147.mp3,అందులో అబద్ధము లేదు
f873d024e09514e055b5d62450b32595377576b56401112b8808d33ce568a5165e7d9e275064adeec31e3beec3740732a4bc57109729a2205fd0f3ecdb4d084a,common_voice_te_39750406.mp3,నీతిలేని వాని నేస్తంబురోతరా
f873d024e09514e055b5d62450b32595377576b56401112b8808d33ce568a5165e7d9e275064adeec31e3beec3740732a4bc57109729a2205fd0f3ecdb4d084a,common_voice_te_39750482.mp3,మూని వ్రాసె కావ్యములను
f873d024e09514e055b5d62450b32595377576b56401112b8808d33ce568a5165e7d9e275064adeec31e3beec3740732a4bc57109729a2205fd0f3ecdb4d084a,common_voice_te_39750576.mp3,పరమ సుందరంబు ఫలములు
f873d024e09514e055b5d62450b32595377576b56401112b8808d33ce568a5165e7d9e275064adeec31e3beec3740732a4bc57109729a2205fd0f3ecdb4d084a,common_voice_te_39750577.mp3,"వాగులు, వంకలు పొంగి పొర్లుతున్నాయి"
f873d024e09514e055b5d62450b32595377576b56401112b8808d33ce568a5165e7d9e275064adeec31e3beec3740732a4bc57109729a2205fd0f3ecdb4d084a,common_voice_te_39750578.mp3,ఆ అబ్బాయి చెడ్డవాడు.
f873d024e09514e055b5d62450b32595377576b56401112b8808d33ce568a5165e7d9e275064adeec31e3beec3740732a4bc57109729a2205fd0f3ecdb4d084a,common_voice_te_39750579.mp3,నీతిలేని చదువు జీతాల చేటురా
f873d024e09514e055b5d62450b32595377576b56401112b8808d33ce568a5165e7d9e275064adeec31e3beec3740732a4bc57109729a2205fd0f3ecdb4d084a,common_voice_te_39750597.mp3,మొరటువానితోడ సరసమాడుట రోత
f873d024e09514e055b5d62450b32595377576b56401112b8808d33ce568a5165e7d9e275064adeec31e3beec3740732a4bc57109729a2205fd0f3ecdb4d084a,common_voice_te_39750611.mp3,జిల్లా మొత్తం వర్షాలు పడ్డాయి.
f873d024e09514e055b5d62450b32595377576b56401112b8808d33ce568a5165e7d9e275064adeec31e3beec3740732a4bc57109729a2205fd0f3ecdb4d084a,common_voice_te_39750621.mp3,సామాన్యులతో పోట్లాడకుము
f873d024e09514e055b5d62450b32595377576b56401112b8808d33ce568a5165e7d9e275064adeec31e3beec3740732a4bc57109729a2205fd0f3ecdb4d084a,common_voice_te_39750623.mp3,ఇసుక డిమాండ్ బాగా తగ్గిపోతుంది
f873d024e09514e055b5d62450b32595377576b56401112b8808d33ce568a5165e7d9e275064adeec31e3beec3740732a4bc57109729a2205fd0f3ecdb4d084a,common_voice_te_39750627.mp3,కొంపగాలు వేళ
f873d024e09514e055b5d62450b32595377576b56401112b8808d33ce568a5165e7d9e275064adeec31e3beec3740732a4bc57109729a2205fd0f3ecdb4d084a,common_voice_te_39750629.mp3,తెలుగుదనమువంటి తీయందనము లేదు
f873d024e09514e055b5d62450b32595377576b56401112b8808d33ce568a5165e7d9e275064adeec31e3beec3740732a4bc57109729a2205fd0f3ecdb4d084a,common_voice_te_39750636.mp3,కాంచలేరు జడులు కావ్య సౌందర్యంబు
f873d024e09514e055b5d62450b32595377576b56401112b8808d33ce568a5165e7d9e275064adeec31e3beec3740732a4bc57109729a2205fd0f3ecdb4d084a,common_voice_te_39750409.mp3,సింహమును శశంబు సంహరించె
f873d024e09514e055b5d62450b32595377576b56401112b8808d33ce568a5165e7d9e275064adeec31e3beec3740732a4bc57109729a2205fd0f3ecdb4d084a,common_voice_te_39750426.mp3,కరుణరసము పొంగి పొరలిపోయె
f873d024e09514e055b5d62450b32595377576b56401112b8808d33ce568a5165e7d9e275064adeec31e3beec3740732a4bc57109729a2205fd0f3ecdb4d084a,common_voice_te_39750564.mp3,బద్దకంపు మొద్దు బల్లపై నెక్కెరా
f873d024e09514e055b5d62450b32595377576b56401112b8808d33ce568a5165e7d9e275064adeec31e3beec3740732a4bc57109729a2205fd0f3ecdb4d084a,common_voice_te_39750563.mp3,ఆయన లక్ష్యం మత విద్వేషాలను రెచ్చగొట్టడం
f873d024e09514e055b5d62450b32595377576b56401112b8808d33ce568a5165e7d9e275064adeec31e3beec3740732a4bc57109729a2205fd0f3ecdb4d084a,common_voice_te_39750539.mp3,పావురములు వలను పైకెత్తుకొని పోవె
f873d024e09514e055b5d62450b32595377576b56401112b8808d33ce568a5165e7d9e275064adeec31e3beec3740732a4bc57109729a2205fd0f3ecdb4d084a,common_voice_te_39750536.mp3,పాపికొండల అభయారణ్యంలో రంగురంగుల సీతాకోకచిలుకలు ఉన్నాయి.
f873d024e09514e055b5d62450b32595377576b56401112b8808d33ce568a5165e7d9e275064adeec31e3beec3740732a4bc57109729a2205fd0f3ecdb4d084a,common_voice_te_39750519.mp3,నక్క చచ్చె వింటినారి కొరికి
f873d024e09514e055b5d62450b32595377576b56401112b8808d33ce568a5165e7d9e275064adeec31e3beec3740732a4bc57109729a2205fd0f3ecdb4d084a,common_voice_te_39750518.mp3,లేమివేళ మిత్రులే ప్రాణమిత్రులు
f873d024e09514e055b5d62450b32595377576b56401112b8808d33ce568a5165e7d9e275064adeec31e3beec3740732a4bc57109729a2205fd0f3ecdb4d084a,common_voice_te_39750516.mp3,కరుల గుండె లదర గర్జించునా నక్క
f873d024e09514e055b5d62450b32595377576b56401112b8808d33ce568a5165e7d9e275064adeec31e3beec3740732a4bc57109729a2205fd0f3ecdb4d084a,common_voice_te_39750499.mp3,"నేడు, రేపు రాయలసీమలో భారీ వర్షాలు పడే అవకాశాలున్నాయి"
f873d024e09514e055b5d62450b32595377576b56401112b8808d33ce568a5165e7d9e275064adeec31e3beec3740732a4bc57109729a2205fd0f3ecdb4d084a,common_voice_te_39750440.mp3,బోసితాత శాంతి
f873d024e09514e055b5d62450b32595377576b56401112b8808d33ce568a5165e7d9e275064adeec31e3beec3740732a4bc57109729a2205fd0f3ecdb4d084a,common_voice_te_39750442.mp3,అందుకే పూర్తి వివరాలు సేకరిస్తున్నాము
f873d024e09514e055b5d62450b32595377576b56401112b8808d33ce568a5165e7d9e275064adeec31e3beec3740732a4bc57109729a2205fd0f3ecdb4d084a,common_voice_te_39750453.mp3,ఇప్పుడు మన ముందున్న అతి పెద్ద సవాలు ఇదే
f873d024e09514e055b5d62450b32595377576b56401112b8808d33ce568a5165e7d9e275064adeec31e3beec3740732a4bc57109729a2205fd0f3ecdb4d084a,common_voice_te_39750460.mp3,దీన్ని అరికట్టడంలో ఆయన విఫలమయ్యారు
f873d024e09514e055b5d62450b32595377576b56401112b8808d33ce568a5165e7d9e275064adeec31e3beec3740732a4bc57109729a2205fd0f3ecdb4d084a,common_voice_te_39750461.mp3,సరిహద్దు వద్దకు అదనపు బలగాలను పంపడం నిలిపివేయాలని నిర్ణయించుకున్నాయి.
f873d024e09514e055b5d62450b32595377576b56401112b8808d33ce568a5165e7d9e275064adeec31e3beec3740732a4bc57109729a2205fd0f3ecdb4d084a,common_voice_te_39750481.mp3,వివిధ సంఘాలు మద్దతు ప్రకటించాయి
f873d024e09514e055b5d62450b32595377576b56401112b8808d33ce568a5165e7d9e275064adeec31e3beec3740732a4bc57109729a2205fd0f3ecdb4d084a,common_voice_te_39750575.mp3,నష్టపెట్టబోకు నాన్నపనులు
f873d024e09514e055b5d62450b32595377576b56401112b8808d33ce568a5165e7d9e275064adeec31e3beec3740732a4bc57109729a2205fd0f3ecdb4d084a,common_voice_te_39750498.mp3,దొరలు దోచలేరు
f873d024e09514e055b5d62450b32595377576b56401112b8808d33ce568a5165e7d9e275064adeec31e3beec3740732a4bc57109729a2205fd0f3ecdb4d084a,common_voice_te_39750495.mp3,ఐనవారినెల్ల అవహేళనము చేసి
16f007e440c5dbd9990f8477b51631ae06ab93358468cf31e493d11dc6a1ee777b3408770baae6954119e0aff8c6224a8160370c29c4511163b12b5e08976fb8,common_voice_te_40029517.mp3,వాని పాదములను నేను సేవింతును
16f007e440c5dbd9990f8477b51631ae06ab93358468cf31e493d11dc6a1ee777b3408770baae6954119e0aff8c6224a8160370c29c4511163b12b5e08976fb8,common_voice_te_40067684.mp3,పావురములు వలను పైకెత్తుకొని పోవె
16f007e440c5dbd9990f8477b51631ae06ab93358468cf31e493d11dc6a1ee777b3408770baae6954119e0aff8c6224a8160370c29c4511163b12b5e08976fb8,common_voice_te_40067724.mp3,అగ్నిమాపక వాహనం సైరన్ మోగించుకుంటూ వచ్చింది.
16f007e440c5dbd9990f8477b51631ae06ab93358468cf31e493d11dc6a1ee777b3408770baae6954119e0aff8c6224a8160370c29c4511163b12b5e08976fb8,common_voice_te_40029515.mp3,ఎద్దునెక్కె శివుడు
16f007e440c5dbd9990f8477b51631ae06ab93358468cf31e493d11dc6a1ee777b3408770baae6954119e0aff8c6224a8160370c29c4511163b12b5e08976fb8,common_voice_te_40067621.mp3,దీనులందు దేవదేవుడుండు
16f007e440c5dbd9990f8477b51631ae06ab93358468cf31e493d11dc6a1ee777b3408770baae6954119e0aff8c6224a8160370c29c4511163b12b5e08976fb8,common_voice_te_40029518.mp3,లేమివేళ మిత్రులే ప్రాణమిత్రులు
16f007e440c5dbd9990f8477b51631ae06ab93358468cf31e493d11dc6a1ee777b3408770baae6954119e0aff8c6224a8160370c29c4511163b12b5e08976fb8,common_voice_te_40067722.mp3,"వాగులు, వంకలు పొంగి పొర్లుతున్నాయి"
16f007e440c5dbd9990f8477b51631ae06ab93358468cf31e493d11dc6a1ee777b3408770baae6954119e0aff8c6224a8160370c29c4511163b12b5e08976fb8,common_voice_te_40067720.mp3,ఇటీవల వర్షాలు బాగా కురిసాయి
16f007e440c5dbd9990f8477b51631ae06ab93358468cf31e493d11dc6a1ee777b3408770baae6954119e0aff8c6224a8160370c29c4511163b12b5e08976fb8,common_voice_te_40067717.mp3,ప్రపంచమునకు జనని
16f007e440c5dbd9990f8477b51631ae06ab93358468cf31e493d11dc6a1ee777b3408770baae6954119e0aff8c6224a8160370c29c4511163b12b5e08976fb8,common_voice_te_40029582.mp3,కష్టాలు కలిగిన
16f007e440c5dbd9990f8477b51631ae06ab93358468cf31e493d11dc6a1ee777b3408770baae6954119e0aff8c6224a8160370c29c4511163b12b5e08976fb8,common_voice_te_40067716.mp3,రాగల వారం రోజులు కూడా రాష్ట్రంలో వర్షాలు పడవచ్చు.
16f007e440c5dbd9990f8477b51631ae06ab93358468cf31e493d11dc6a1ee777b3408770baae6954119e0aff8c6224a8160370c29c4511163b12b5e08976fb8,common_voice_te_40067712.mp3,కష్టసాధ్యమైన కార్యమ్ము నెరవేర్ప
16f007e440c5dbd9990f8477b51631ae06ab93358468cf31e493d11dc6a1ee777b3408770baae6954119e0aff8c6224a8160370c29c4511163b12b5e08976fb8,common_voice_te_40029624.mp3,ఘనత కూర్చు
16f007e440c5dbd9990f8477b51631ae06ab93358468cf31e493d11dc6a1ee777b3408770baae6954119e0aff8c6224a8160370c29c4511163b12b5e08976fb8,common_voice_te_40067709.mp3,కలము చేతపట్టి కావ్యమ్ము రచింయిచె
16f007e440c5dbd9990f8477b51631ae06ab93358468cf31e493d11dc6a1ee777b3408770baae6954119e0aff8c6224a8160370c29c4511163b12b5e08976fb8,common_voice_te_40067699.mp3,అలుగు పారి చెరువు జలముల కాపాడు
16f007e440c5dbd9990f8477b51631ae06ab93358468cf31e493d11dc6a1ee777b3408770baae6954119e0aff8c6224a8160370c29c4511163b12b5e08976fb8,common_voice_te_40067697.mp3,సానుభూతికంటె స్వర్గంబు లేదురా
16f007e440c5dbd9990f8477b51631ae06ab93358468cf31e493d11dc6a1ee777b3408770baae6954119e0aff8c6224a8160370c29c4511163b12b5e08976fb8,common_voice_te_40067695.mp3,పరిపూర్ణమై బట్టబయలుగాను
16f007e440c5dbd9990f8477b51631ae06ab93358468cf31e493d11dc6a1ee777b3408770baae6954119e0aff8c6224a8160370c29c4511163b12b5e08976fb8,common_voice_te_40067691.mp3,కలము హలములందు ఘనుండురా పోతన్న
16f007e440c5dbd9990f8477b51631ae06ab93358468cf31e493d11dc6a1ee777b3408770baae6954119e0aff8c6224a8160370c29c4511163b12b5e08976fb8,common_voice_te_40067689.mp3,దేవతలకు నిడక తినెడివాని
16f007e440c5dbd9990f8477b51631ae06ab93358468cf31e493d11dc6a1ee777b3408770baae6954119e0aff8c6224a8160370c29c4511163b12b5e08976fb8,common_voice_te_40067688.mp3,పల్లె పైరుగాలి పరిరంభణమ్ములు
16f007e440c5dbd9990f8477b51631ae06ab93358468cf31e493d11dc6a1ee777b3408770baae6954119e0aff8c6224a8160370c29c4511163b12b5e08976fb8,common_voice_te_40067687.mp3,బడికి నడువలేడు
16f007e440c5dbd9990f8477b51631ae06ab93358468cf31e493d11dc6a1ee777b3408770baae6954119e0aff8c6224a8160370c29c4511163b12b5e08976fb8,common_voice_te_40067726.mp3,గుండెపోటు రావడంతో ఆమె ప్రాణం కోల్పోయింది.
16f007e440c5dbd9990f8477b51631ae06ab93358468cf31e493d11dc6a1ee777b3408770baae6954119e0aff8c6224a8160370c29c4511163b12b5e08976fb8,common_voice_te_40067646.mp3,నక్క చచ్చె వింటినారి కొరికి
16f007e440c5dbd9990f8477b51631ae06ab93358468cf31e493d11dc6a1ee777b3408770baae6954119e0aff8c6224a8160370c29c4511163b12b5e08976fb8,common_voice_te_40067623.mp3,నష్టపెట్టబోకు నాన్నపనులు
16f007e440c5dbd9990f8477b51631ae06ab93358468cf31e493d11dc6a1ee777b3408770baae6954119e0aff8c6224a8160370c29c4511163b12b5e08976fb8,common_voice_te_40067727.mp3,శనివారం వారు అక్కడ ఉన్నారు
16f007e440c5dbd9990f8477b51631ae06ab93358468cf31e493d11dc6a1ee777b3408770baae6954119e0aff8c6224a8160370c29c4511163b12b5e08976fb8,common_voice_te_40095373.mp3,బలవంతుడని
16f007e440c5dbd9990f8477b51631ae06ab93358468cf31e493d11dc6a1ee777b3408770baae6954119e0aff8c6224a8160370c29c4511163b12b5e08976fb8,common_voice_te_40095378.mp3,మనుజుని పోనాడి
16f007e440c5dbd9990f8477b51631ae06ab93358468cf31e493d11dc6a1ee777b3408770baae6954119e0aff8c6224a8160370c29c4511163b12b5e08976fb8,common_voice_te_40095393.mp3,ఆదివారం సెలవు దినం
16f007e440c5dbd9990f8477b51631ae06ab93358468cf31e493d11dc6a1ee777b3408770baae6954119e0aff8c6224a8160370c29c4511163b12b5e08976fb8,common_voice_te_40029807.mp3,కొండకొమ్ము మీద కూరుచున్న
16f007e440c5dbd9990f8477b51631ae06ab93358468cf31e493d11dc6a1ee777b3408770baae6954119e0aff8c6224a8160370c29c4511163b12b5e08976fb8,common_voice_te_40029810.mp3,చలిగాలులు వీచాయి
16f007e440c5dbd9990f8477b51631ae06ab93358468cf31e493d11dc6a1ee777b3408770baae6954119e0aff8c6224a8160370c29c4511163b12b5e08976fb8,common_voice_te_40095407.mp3,ఉడకని అన్నం తింటే కడుపు నొప్పి వస్తుంది.
16f007e440c5dbd9990f8477b51631ae06ab93358468cf31e493d11dc6a1ee777b3408770baae6954119e0aff8c6224a8160370c29c4511163b12b5e08976fb8,common_voice_te_40029828.mp3,గౌతమీ తరంగణీ తరంగములకు
16f007e440c5dbd9990f8477b51631ae06ab93358468cf31e493d11dc6a1ee777b3408770baae6954119e0aff8c6224a8160370c29c4511163b12b5e08976fb8,common_voice_te_40095437.mp3,మాట
16f007e440c5dbd9990f8477b51631ae06ab93358468cf31e493d11dc6a1ee777b3408770baae6954119e0aff8c6224a8160370c29c4511163b12b5e08976fb8,common_voice_te_40095498.mp3,స్తంభం చెక్కడానికి సమయం పడుతుంది
16f007e440c5dbd9990f8477b51631ae06ab93358468cf31e493d11dc6a1ee777b3408770baae6954119e0aff8c6224a8160370c29c4511163b12b5e08976fb8,common_voice_te_40029854.mp3,పరమ సుందరంబు ఫలములు
16f007e440c5dbd9990f8477b51631ae06ab93358468cf31e493d11dc6a1ee777b3408770baae6954119e0aff8c6224a8160370c29c4511163b12b5e08976fb8,common_voice_te_40029856.mp3,రాజురాజు బిడ్డరా నేటి విద్యార్థి
16f007e440c5dbd9990f8477b51631ae06ab93358468cf31e493d11dc6a1ee777b3408770baae6954119e0aff8c6224a8160370c29c4511163b12b5e08976fb8,common_voice_te_40095522.mp3,గాలి వేగం పెరిగింది
16f007e440c5dbd9990f8477b51631ae06ab93358468cf31e493d11dc6a1ee777b3408770baae6954119e0aff8c6224a8160370c29c4511163b12b5e08976fb8,common_voice_te_40095532.mp3,లలితసుగుణజాల! తెలుగుబాల!!
16f007e440c5dbd9990f8477b51631ae06ab93358468cf31e493d11dc6a1ee777b3408770baae6954119e0aff8c6224a8160370c29c4511163b12b5e08976fb8,common_voice_te_40095541.mp3,ఉష్ణోగ్రతలు గణనీయంగా పెరిగిపోయాయి
16f007e440c5dbd9990f8477b51631ae06ab93358468cf31e493d11dc6a1ee777b3408770baae6954119e0aff8c6224a8160370c29c4511163b12b5e08976fb8,common_voice_te_40029897.mp3,నీచమని చూడరాదు
16f007e440c5dbd9990f8477b51631ae06ab93358468cf31e493d11dc6a1ee777b3408770baae6954119e0aff8c6224a8160370c29c4511163b12b5e08976fb8,common_voice_te_40029898.mp3,నదులయందు గంగ
08759a58784ba66cfc4c2c69f4d58c88200dfcf3d2420da0c2aca54cfbea22b9eb44f9a22fb537af19069754c645bf99cdef47ee4745c542f97033357698990e,common_voice_te_40037819.mp3,బోసు వీరుని క్రాంతి
08759a58784ba66cfc4c2c69f4d58c88200dfcf3d2420da0c2aca54cfbea22b9eb44f9a22fb537af19069754c645bf99cdef47ee4745c542f97033357698990e,common_voice_te_40037786.mp3,నీతిలేని వాని నేస్తంబురోతరా
08759a58784ba66cfc4c2c69f4d58c88200dfcf3d2420da0c2aca54cfbea22b9eb44f9a22fb537af19069754c645bf99cdef47ee4745c542f97033357698990e,common_voice_te_40029108.mp3,కష్టాలు కలిగిన
08759a58784ba66cfc4c2c69f4d58c88200dfcf3d2420da0c2aca54cfbea22b9eb44f9a22fb537af19069754c645bf99cdef47ee4745c542f97033357698990e,common_voice_te_40041055.mp3,చెడ్డవాని చెలిమి చిచ్చువోలె
08759a58784ba66cfc4c2c69f4d58c88200dfcf3d2420da0c2aca54cfbea22b9eb44f9a22fb537af19069754c645bf99cdef47ee4745c542f97033357698990e,common_voice_te_40030695.mp3,అగ్నిమాపక వాహనం సైరన్ మోగించుకుంటూ వచ్చింది.
08759a58784ba66cfc4c2c69f4d58c88200dfcf3d2420da0c2aca54cfbea22b9eb44f9a22fb537af19069754c645bf99cdef47ee4745c542f97033357698990e,common_voice_te_40030698.mp3,కష్టసాధ్యమైన కార్యమ్ము నెరవేర్ప
08759a58784ba66cfc4c2c69f4d58c88200dfcf3d2420da0c2aca54cfbea22b9eb44f9a22fb537af19069754c645bf99cdef47ee4745c542f97033357698990e,common_voice_te_40030710.mp3,ఎవరూ డబ్బు పంపవద్దని వారు తెలియజేసారు
08759a58784ba66cfc4c2c69f4d58c88200dfcf3d2420da0c2aca54cfbea22b9eb44f9a22fb537af19069754c645bf99cdef47ee4745c542f97033357698990e,common_voice_te_40030713.mp3,అనారోగ్య లక్షణాలు కలిగిన వారికి ప్రత్యేక ఏర్పాట్లు చేశామన్నారు
08759a58784ba66cfc4c2c69f4d58c88200dfcf3d2420da0c2aca54cfbea22b9eb44f9a22fb537af19069754c645bf99cdef47ee4745c542f97033357698990e,common_voice_te_40041031.mp3,గాలి వేగం పెరిగింది
08759a58784ba66cfc4c2c69f4d58c88200dfcf3d2420da0c2aca54cfbea22b9eb44f9a22fb537af19069754c645bf99cdef47ee4745c542f97033357698990e,common_voice_te_40041027.mp3,ఆదివారం సెలవు దినం
08759a58784ba66cfc4c2c69f4d58c88200dfcf3d2420da0c2aca54cfbea22b9eb44f9a22fb537af19069754c645bf99cdef47ee4745c542f97033357698990e,common_voice_te_40041025.mp3,రబీలో అత్యధికంగా సాగు చేసే పంటల్లో శనగ ఒక్కటి.
08759a58784ba66cfc4c2c69f4d58c88200dfcf3d2420da0c2aca54cfbea22b9eb44f9a22fb537af19069754c645bf99cdef47ee4745c542f97033357698990e,common_voice_te_40041024.mp3,గతేడాది విదేశీ పర్యాటకులను ఆకర్షించడంతో ఆదాయం పెరిగింది
08759a58784ba66cfc4c2c69f4d58c88200dfcf3d2420da0c2aca54cfbea22b9eb44f9a22fb537af19069754c645bf99cdef47ee4745c542f97033357698990e,common_voice_te_40041023.mp3,ధర్మమును రక్షింపుము
08759a58784ba66cfc4c2c69f4d58c88200dfcf3d2420da0c2aca54cfbea22b9eb44f9a22fb537af19069754c645bf99cdef47ee4745c542f97033357698990e,common_voice_te_40029110.mp3,చదువురాని మొద్దు సభల రాణింపదు
08759a58784ba66cfc4c2c69f4d58c88200dfcf3d2420da0c2aca54cfbea22b9eb44f9a22fb537af19069754c645bf99cdef47ee4745c542f97033357698990e,common_voice_te_40041021.mp3,సోమవారం వర్షం పడవచ్చు
08759a58784ba66cfc4c2c69f4d58c88200dfcf3d2420da0c2aca54cfbea22b9eb44f9a22fb537af19069754c645bf99cdef47ee4745c542f97033357698990e,common_voice_te_40041017.mp3,సాక్షి ఆచూకీ తెలియరాలేదు
08759a58784ba66cfc4c2c69f4d58c88200dfcf3d2420da0c2aca54cfbea22b9eb44f9a22fb537af19069754c645bf99cdef47ee4745c542f97033357698990e,common_voice_te_40041008.mp3,చలిగాలులు వీచాయి
08759a58784ba66cfc4c2c69f4d58c88200dfcf3d2420da0c2aca54cfbea22b9eb44f9a22fb537af19069754c645bf99cdef47ee4745c542f97033357698990e,common_voice_te_40041000.mp3,ఊరులు పల్లెలు నారులు
08759a58784ba66cfc4c2c69f4d58c88200dfcf3d2420da0c2aca54cfbea22b9eb44f9a22fb537af19069754c645bf99cdef47ee4745c542f97033357698990e,common_voice_te_40040997.mp3,కాంచలేరు జడులు కావ్య సౌందర్యంబు
08759a58784ba66cfc4c2c69f4d58c88200dfcf3d2420da0c2aca54cfbea22b9eb44f9a22fb537af19069754c645bf99cdef47ee4745c542f97033357698990e,common_voice_te_40040994.mp3,రాగల వారం రోజులు కూడా రాష్ట్రంలో వర్షాలు పడవచ్చు.
08759a58784ba66cfc4c2c69f4d58c88200dfcf3d2420da0c2aca54cfbea22b9eb44f9a22fb537af19069754c645bf99cdef47ee4745c542f97033357698990e,common_voice_te_40031002.mp3,దొరలు దోచలేరు
08759a58784ba66cfc4c2c69f4d58c88200dfcf3d2420da0c2aca54cfbea22b9eb44f9a22fb537af19069754c645bf99cdef47ee4745c542f97033357698990e,common_voice_te_40031003.mp3,పల్లె పైరుగాలి పరిరంభణమ్ములు
08759a58784ba66cfc4c2c69f4d58c88200dfcf3d2420da0c2aca54cfbea22b9eb44f9a22fb537af19069754c645bf99cdef47ee4745c542f97033357698990e,common_voice_te_40031005.mp3,అభ్యర్థులు పరీక్ష కేంద్రాల్లో రిపోర్ట్ చేయాలి
08759a58784ba66cfc4c2c69f4d58c88200dfcf3d2420da0c2aca54cfbea22b9eb44f9a22fb537af19069754c645bf99cdef47ee4745c542f97033357698990e,common_voice_te_40031014.mp3,సిగ్గులేని కోతి మొగ్గలేసె
08759a58784ba66cfc4c2c69f4d58c88200dfcf3d2420da0c2aca54cfbea22b9eb44f9a22fb537af19069754c645bf99cdef47ee4745c542f97033357698990e,common_voice_te_40031015.mp3,చంచలంబు లివ్వి
08759a58784ba66cfc4c2c69f4d58c88200dfcf3d2420da0c2aca54cfbea22b9eb44f9a22fb537af19069754c645bf99cdef47ee4745c542f97033357698990e,common_voice_te_40040990.mp3,ధర్మమున్న చోట ధనము లేదు
08759a58784ba66cfc4c2c69f4d58c88200dfcf3d2420da0c2aca54cfbea22b9eb44f9a22fb537af19069754c645bf99cdef47ee4745c542f97033357698990e,common_voice_te_40040985.mp3,పేరుగన్న కర్మవీరుడే మృతజీవి
08759a58784ba66cfc4c2c69f4d58c88200dfcf3d2420da0c2aca54cfbea22b9eb44f9a22fb537af19069754c645bf99cdef47ee4745c542f97033357698990e,common_voice_te_40040984.mp3,అందులో అబద్ధము లేదు
08759a58784ba66cfc4c2c69f4d58c88200dfcf3d2420da0c2aca54cfbea22b9eb44f9a22fb537af19069754c645bf99cdef47ee4745c542f97033357698990e,common_voice_te_40037883.mp3,హలము చేతబట్టి పొలము దున్నె
08759a58784ba66cfc4c2c69f4d58c88200dfcf3d2420da0c2aca54cfbea22b9eb44f9a22fb537af19069754c645bf99cdef47ee4745c542f97033357698990e,common_voice_te_40037865.mp3,పెద్ద పెద్ద బండలను తొలిచి ధ్వజస్తంభం ఆకృతులుగా మలుస్తారు
08759a58784ba66cfc4c2c69f4d58c88200dfcf3d2420da0c2aca54cfbea22b9eb44f9a22fb537af19069754c645bf99cdef47ee4745c542f97033357698990e,common_voice_te_40037862.mp3,పెట్టెనిండ కూడబెట్టిన సిరులకు
08759a58784ba66cfc4c2c69f4d58c88200dfcf3d2420da0c2aca54cfbea22b9eb44f9a22fb537af19069754c645bf99cdef47ee4745c542f97033357698990e,common_voice_te_40037861.mp3,ఎందుకు నువ్వు అలా ప్రవర్తిస్తున్నావు?
08759a58784ba66cfc4c2c69f4d58c88200dfcf3d2420da0c2aca54cfbea22b9eb44f9a22fb537af19069754c645bf99cdef47ee4745c542f97033357698990e,common_voice_te_40037834.mp3,దాడి చేయు వాడె
08759a58784ba66cfc4c2c69f4d58c88200dfcf3d2420da0c2aca54cfbea22b9eb44f9a22fb537af19069754c645bf99cdef47ee4745c542f97033357698990e,common_voice_te_40037832.mp3,గునపంబు చేబూని
08759a58784ba66cfc4c2c69f4d58c88200dfcf3d2420da0c2aca54cfbea22b9eb44f9a22fb537af19069754c645bf99cdef47ee4745c542f97033357698990e,common_voice_te_40037790.mp3,స్థూల శరీర సంపర్కముచే
08759a58784ba66cfc4c2c69f4d58c88200dfcf3d2420da0c2aca54cfbea22b9eb44f9a22fb537af19069754c645bf99cdef47ee4745c542f97033357698990e,common_voice_te_40037793.mp3,దేశమంతటా తుఫాను వాతావరణం నెలకొంది.
08759a58784ba66cfc4c2c69f4d58c88200dfcf3d2420da0c2aca54cfbea22b9eb44f9a22fb537af19069754c645bf99cdef47ee4745c542f97033357698990e,common_voice_te_40037795.mp3,కరుణశ్రీ
08759a58784ba66cfc4c2c69f4d58c88200dfcf3d2420da0c2aca54cfbea22b9eb44f9a22fb537af19069754c645bf99cdef47ee4745c542f97033357698990e,common_voice_te_40037800.mp3,ఫీజు చెల్లించిన రోజు నుంచి సంవత్సరం పాటు క్లాసులు వినొచ్చు
08759a58784ba66cfc4c2c69f4d58c88200dfcf3d2420da0c2aca54cfbea22b9eb44f9a22fb537af19069754c645bf99cdef47ee4745c542f97033357698990e,common_voice_te_40037802.mp3,మాట
08759a58784ba66cfc4c2c69f4d58c88200dfcf3d2420da0c2aca54cfbea22b9eb44f9a22fb537af19069754c645bf99cdef47ee4745c542f97033357698990e,common_voice_te_40037805.mp3,మనసు కలక దేర్చు
08759a58784ba66cfc4c2c69f4d58c88200dfcf3d2420da0c2aca54cfbea22b9eb44f9a22fb537af19069754c645bf99cdef47ee4745c542f97033357698990e,common_voice_te_40037806.mp3,నక్క చచ్చె వింటినారి కొరికి
08759a58784ba66cfc4c2c69f4d58c88200dfcf3d2420da0c2aca54cfbea22b9eb44f9a22fb537af19069754c645bf99cdef47ee4745c542f97033357698990e,common_voice_te_40037807.mp3,స్నిగ్ధ కావ్యరసము సీసాలలో నింపి
08759a58784ba66cfc4c2c69f4d58c88200dfcf3d2420da0c2aca54cfbea22b9eb44f9a22fb537af19069754c645bf99cdef47ee4745c542f97033357698990e,common_voice_te_40037808.mp3,మంచి వాని మైత్రి మలయమారుత వీచి
08759a58784ba66cfc4c2c69f4d58c88200dfcf3d2420da0c2aca54cfbea22b9eb44f9a22fb537af19069754c645bf99cdef47ee4745c542f97033357698990e,common_voice_te_40037816.mp3,విద్య గనని జనులు
08759a58784ba66cfc4c2c69f4d58c88200dfcf3d2420da0c2aca54cfbea22b9eb44f9a22fb537af19069754c645bf99cdef47ee4745c542f97033357698990e,common_voice_te_40034591.mp3,మెదడు పాడుచేయు
08759a58784ba66cfc4c2c69f4d58c88200dfcf3d2420da0c2aca54cfbea22b9eb44f9a22fb537af19069754c645bf99cdef47ee4745c542f97033357698990e,common_voice_te_40034594.mp3,తెలుగు భంగిమములు తెలిపినాడు
08759a58784ba66cfc4c2c69f4d58c88200dfcf3d2420da0c2aca54cfbea22b9eb44f9a22fb537af19069754c645bf99cdef47ee4745c542f97033357698990e,common_voice_te_40037658.mp3,మార్తాండునకు కాంతి
08759a58784ba66cfc4c2c69f4d58c88200dfcf3d2420da0c2aca54cfbea22b9eb44f9a22fb537af19069754c645bf99cdef47ee4745c542f97033357698990e,common_voice_te_40037679.mp3,సతుల సీత
08759a58784ba66cfc4c2c69f4d58c88200dfcf3d2420da0c2aca54cfbea22b9eb44f9a22fb537af19069754c645bf99cdef47ee4745c542f97033357698990e,common_voice_te_40037723.mp3,మంగళవారం నాడు నేను వేరే చోటికి పోతాను
760d15af6f635c722819c84325e8889ca77a3eda0b24a06c222308612ce2277e82db5e76e29a516844032b57bbcddab9d9fda24e306db90287499de88d97b2cb,common_voice_te_39106041.mp3,కష్టసాధ్యమైన కార్యమ్ము నెరవేర్ప
760d15af6f635c722819c84325e8889ca77a3eda0b24a06c222308612ce2277e82db5e76e29a516844032b57bbcddab9d9fda24e306db90287499de88d97b2cb,common_voice_te_38821793.mp3,చిన్న పద్యమప్ప జెప్పలేడు
760d15af6f635c722819c84325e8889ca77a3eda0b24a06c222308612ce2277e82db5e76e29a516844032b57bbcddab9d9fda24e306db90287499de88d97b2cb,common_voice_te_38821717.mp3,అనారోగ్య లక్షణాలు కలిగిన వారికి ప్రత్యేక ఏర్పాట్లు చేశామన్నారు
760d15af6f635c722819c84325e8889ca77a3eda0b24a06c222308612ce2277e82db5e76e29a516844032b57bbcddab9d9fda24e306db90287499de88d97b2cb,common_voice_te_38821718.mp3,మంచి గుణములను గ్రహించుచుండు
760d15af6f635c722819c84325e8889ca77a3eda0b24a06c222308612ce2277e82db5e76e29a516844032b57bbcddab9d9fda24e306db90287499de88d97b2cb,common_voice_te_38821720.mp3,కలము హలములందు ఘనుండురా పోతన్న
760d15af6f635c722819c84325e8889ca77a3eda0b24a06c222308612ce2277e82db5e76e29a516844032b57bbcddab9d9fda24e306db90287499de88d97b2cb,common_voice_te_38821731.mp3,కాకి చేసుకొన్న కర్మమేమి
760d15af6f635c722819c84325e8889ca77a3eda0b24a06c222308612ce2277e82db5e76e29a516844032b57bbcddab9d9fda24e306db90287499de88d97b2cb,common_voice_te_38821732.mp3,కలిమి గలిగి
760d15af6f635c722819c84325e8889ca77a3eda0b24a06c222308612ce2277e82db5e76e29a516844032b57bbcddab9d9fda24e306db90287499de88d97b2cb,common_voice_te_38821715.mp3,దేశసేవకంటె దేవతార్చన లేదు
760d15af6f635c722819c84325e8889ca77a3eda0b24a06c222308612ce2277e82db5e76e29a516844032b57bbcddab9d9fda24e306db90287499de88d97b2cb,common_voice_te_38821716.mp3,గురువారం నాకు ఏ పని లేదు
760d15af6f635c722819c84325e8889ca77a3eda0b24a06c222308612ce2277e82db5e76e29a516844032b57bbcddab9d9fda24e306db90287499de88d97b2cb,common_voice_te_38821853.mp3,పిల్లల అభిరుచి మేరకు అవసరమైన సమాచారం దొరుకుతుంది
760d15af6f635c722819c84325e8889ca77a3eda0b24a06c222308612ce2277e82db5e76e29a516844032b57bbcddab9d9fda24e306db90287499de88d97b2cb,common_voice_te_38821852.mp3,ఇసుక డిమాండ్ బాగా తగ్గిపోతుంది
760d15af6f635c722819c84325e8889ca77a3eda0b24a06c222308612ce2277e82db5e76e29a516844032b57bbcddab9d9fda24e306db90287499de88d97b2cb,common_voice_te_38821733.mp3,శనివారం వారు అక్కడ ఉన్నారు
760d15af6f635c722819c84325e8889ca77a3eda0b24a06c222308612ce2277e82db5e76e29a516844032b57bbcddab9d9fda24e306db90287499de88d97b2cb,common_voice_te_38821855.mp3,తెలుగుబాల! శతకం
760d15af6f635c722819c84325e8889ca77a3eda0b24a06c222308612ce2277e82db5e76e29a516844032b57bbcddab9d9fda24e306db90287499de88d97b2cb,common_voice_te_38821734.mp3,ప్రవాహ వేగం స్వల్పంగా తగ్గింది
760d15af6f635c722819c84325e8889ca77a3eda0b24a06c222308612ce2277e82db5e76e29a516844032b57bbcddab9d9fda24e306db90287499de88d97b2cb,common_voice_te_38821735.mp3,గుండ్లకమ్మ వాగులో ట్రాక్టర్ కొట్టుకుపోయింది
760d15af6f635c722819c84325e8889ca77a3eda0b24a06c222308612ce2277e82db5e76e29a516844032b57bbcddab9d9fda24e306db90287499de88d97b2cb,common_voice_te_38821773.mp3,కాకి జున్ను ముక్క కాజేసెరా నక్క
760d15af6f635c722819c84325e8889ca77a3eda0b24a06c222308612ce2277e82db5e76e29a516844032b57bbcddab9d9fda24e306db90287499de88d97b2cb,common_voice_te_38821774.mp3,కాంచలేరు జడులు కావ్య సౌందర్యంబు
760d15af6f635c722819c84325e8889ca77a3eda0b24a06c222308612ce2277e82db5e76e29a516844032b57bbcddab9d9fda24e306db90287499de88d97b2cb,common_voice_te_38821775.mp3,పరీక్షకు నిమిషం ఆలస్యమైనా అనుమతించేది లేదన్నారు
760d15af6f635c722819c84325e8889ca77a3eda0b24a06c222308612ce2277e82db5e76e29a516844032b57bbcddab9d9fda24e306db90287499de88d97b2cb,common_voice_te_38821776.mp3,మొదటి రెండు లేమి మూడవ దశ వచ్చు
760d15af6f635c722819c84325e8889ca77a3eda0b24a06c222308612ce2277e82db5e76e29a516844032b57bbcddab9d9fda24e306db90287499de88d97b2cb,common_voice_te_38821777.mp3,కాకి గూడు
760d15af6f635c722819c84325e8889ca77a3eda0b24a06c222308612ce2277e82db5e76e29a516844032b57bbcddab9d9fda24e306db90287499de88d97b2cb,common_voice_te_38821786.mp3,ఇప్పుడు ఏమి చేయాలో నాకు తెలియదు.
760d15af6f635c722819c84325e8889ca77a3eda0b24a06c222308612ce2277e82db5e76e29a516844032b57bbcddab9d9fda24e306db90287499de88d97b2cb,common_voice_te_39106046.mp3,అడవి గాల్చు వేళ నగ్నికి సాయమై
760d15af6f635c722819c84325e8889ca77a3eda0b24a06c222308612ce2277e82db5e76e29a516844032b57bbcddab9d9fda24e306db90287499de88d97b2cb,common_voice_te_39106045.mp3,సోమవారం వర్షం పడవచ్చు
760d15af6f635c722819c84325e8889ca77a3eda0b24a06c222308612ce2277e82db5e76e29a516844032b57bbcddab9d9fda24e306db90287499de88d97b2cb,common_voice_te_39106044.mp3,తల వెంట్రుకలయందు నలుపు రంగు
760d15af6f635c722819c84325e8889ca77a3eda0b24a06c222308612ce2277e82db5e76e29a516844032b57bbcddab9d9fda24e306db90287499de88d97b2cb,common_voice_te_39106043.mp3,చాలా చల్లగా ఉన్న శీతల పానీయాలను తాగకూడదు.
760d15af6f635c722819c84325e8889ca77a3eda0b24a06c222308612ce2277e82db5e76e29a516844032b57bbcddab9d9fda24e306db90287499de88d97b2cb,common_voice_te_38821787.mp3,సౌందర్యమును గల్లి
760d15af6f635c722819c84325e8889ca77a3eda0b24a06c222308612ce2277e82db5e76e29a516844032b57bbcddab9d9fda24e306db90287499de88d97b2cb,common_voice_te_38821854.mp3,కరుణశ్రీ
760d15af6f635c722819c84325e8889ca77a3eda0b24a06c222308612ce2277e82db5e76e29a516844032b57bbcddab9d9fda24e306db90287499de88d97b2cb,common_voice_te_39106047.mp3,చెడ్డవాని చెలిమి చిచ్చువోలె
760d15af6f635c722819c84325e8889ca77a3eda0b24a06c222308612ce2277e82db5e76e29a516844032b57bbcddab9d9fda24e306db90287499de88d97b2cb,common_voice_te_38821861.mp3,భాషితము వేరు
760d15af6f635c722819c84325e8889ca77a3eda0b24a06c222308612ce2277e82db5e76e29a516844032b57bbcddab9d9fda24e306db90287499de88d97b2cb,common_voice_te_38821860.mp3,జంధ్యాల పాపయ్యశాస్త్రిగారు రచించారు
760d15af6f635c722819c84325e8889ca77a3eda0b24a06c222308612ce2277e82db5e76e29a516844032b57bbcddab9d9fda24e306db90287499de88d97b2cb,common_voice_te_38821859.mp3,విరుల జేరి హరుని శిరసు నెక్కిన చీమ
760d15af6f635c722819c84325e8889ca77a3eda0b24a06c222308612ce2277e82db5e76e29a516844032b57bbcddab9d9fda24e306db90287499de88d97b2cb,common_voice_te_38821858.mp3,చచ్చి కూడ చీల్చి యిచ్చు తనువు
760d15af6f635c722819c84325e8889ca77a3eda0b24a06c222308612ce2277e82db5e76e29a516844032b57bbcddab9d9fda24e306db90287499de88d97b2cb,common_voice_te_38821857.mp3,జిల్లా మొత్తం వర్షాలు పడ్డాయి.
760d15af6f635c722819c84325e8889ca77a3eda0b24a06c222308612ce2277e82db5e76e29a516844032b57bbcddab9d9fda24e306db90287499de88d97b2cb,common_voice_te_38821807.mp3,లేమివేళ మిత్రులే ప్రాణమిత్రులు
760d15af6f635c722819c84325e8889ca77a3eda0b24a06c222308612ce2277e82db5e76e29a516844032b57bbcddab9d9fda24e306db90287499de88d97b2cb,common_voice_te_38821806.mp3,బావి నీటిలోన ప్రతిబింబమును చూపి
760d15af6f635c722819c84325e8889ca77a3eda0b24a06c222308612ce2277e82db5e76e29a516844032b57bbcddab9d9fda24e306db90287499de88d97b2cb,common_voice_te_38821805.mp3,ఫీజు చెల్లించిన రోజు నుంచి సంవత్సరం పాటు క్లాసులు వినొచ్చు
760d15af6f635c722819c84325e8889ca77a3eda0b24a06c222308612ce2277e82db5e76e29a516844032b57bbcddab9d9fda24e306db90287499de88d97b2cb,common_voice_te_38821804.mp3,దీనులందు దేవదేవుడుండు
760d15af6f635c722819c84325e8889ca77a3eda0b24a06c222308612ce2277e82db5e76e29a516844032b57bbcddab9d9fda24e306db90287499de88d97b2cb,common_voice_te_38821803.mp3,పాపికొండల అభయారణ్యంలో రంగురంగుల సీతాకోకచిలుకలు ఉన్నాయి.
760d15af6f635c722819c84325e8889ca77a3eda0b24a06c222308612ce2277e82db5e76e29a516844032b57bbcddab9d9fda24e306db90287499de88d97b2cb,common_voice_te_38821795.mp3,ముద్దనూరు చెరువు కట్ట తెగింది
760d15af6f635c722819c84325e8889ca77a3eda0b24a06c222308612ce2277e82db5e76e29a516844032b57bbcddab9d9fda24e306db90287499de88d97b2cb,common_voice_te_38821794.mp3,గాలి చాలా వేగంగా వీస్తోంది.
760d15af6f635c722819c84325e8889ca77a3eda0b24a06c222308612ce2277e82db5e76e29a516844032b57bbcddab9d9fda24e306db90287499de88d97b2cb,common_voice_te_39106042.mp3,మనుజుని పోనాడి
760d15af6f635c722819c84325e8889ca77a3eda0b24a06c222308612ce2277e82db5e76e29a516844032b57bbcddab9d9fda24e306db90287499de88d97b2cb,common_voice_te_38821856.mp3,పాలకడలిలోన ప్రభవించు మాత్రాన
760d15af6f635c722819c84325e8889ca77a3eda0b24a06c222308612ce2277e82db5e76e29a516844032b57bbcddab9d9fda24e306db90287499de88d97b2cb,common_voice_te_39106040.mp3,జుట్టు జుట్టు పట్టి కొట్టుకొనిరి
760d15af6f635c722819c84325e8889ca77a3eda0b24a06c222308612ce2277e82db5e76e29a516844032b57bbcddab9d9fda24e306db90287499de88d97b2cb,common_voice_te_39106039.mp3,ముందుచూపు లేని మూర్ఖుండు చెడిపోవు
760d15af6f635c722819c84325e8889ca77a3eda0b24a06c222308612ce2277e82db5e76e29a516844032b57bbcddab9d9fda24e306db90287499de88d97b2cb,common_voice_te_39106038.mp3,కోకిలమ్మ చేసికొన్న పుణ్యంబేమి
760d15af6f635c722819c84325e8889ca77a3eda0b24a06c222308612ce2277e82db5e76e29a516844032b57bbcddab9d9fda24e306db90287499de88d97b2cb,common_voice_te_38821788.mp3,"చల్లటి గాలి వీస్తోంది, కానీ చల్లగా లేదు."
760d15af6f635c722819c84325e8889ca77a3eda0b24a06c222308612ce2277e82db5e76e29a516844032b57bbcddab9d9fda24e306db90287499de88d97b2cb,common_voice_te_38821789.mp3,అయితే సోమవారం వారు కార్యలయానికి రాలేదు
760d15af6f635c722819c84325e8889ca77a3eda0b24a06c222308612ce2277e82db5e76e29a516844032b57bbcddab9d9fda24e306db90287499de88d97b2cb,common_voice_te_38821790.mp3,తెలుగుసవ్యసాచి మన కృష్ణరాయుడు
760d15af6f635c722819c84325e8889ca77a3eda0b24a06c222308612ce2277e82db5e76e29a516844032b57bbcddab9d9fda24e306db90287499de88d97b2cb,common_voice_te_38821791.mp3,గాలి వేగం పెరిగింది
760d15af6f635c722819c84325e8889ca77a3eda0b24a06c222308612ce2277e82db5e76e29a516844032b57bbcddab9d9fda24e306db90287499de88d97b2cb,common_voice_te_38821792.mp3,అందమైన సూక్తి అరుణోదయంబట్లు
cbcb6befcb55788e258b65750176e0b85b6e5babcd79f76c758d443f49f5e16470e36efea89b218cc2825c1882987b264a8ec2d63b8d3617568f9606eb30b53f,common_voice_te_40163608.mp3,తెలుగుదనమువంటి తీయందనము లేదు
cbcb6befcb55788e258b65750176e0b85b6e5babcd79f76c758d443f49f5e16470e36efea89b218cc2825c1882987b264a8ec2d63b8d3617568f9606eb30b53f,common_voice_te_40163163.mp3,అలాగే కమ్యూనికేషన్ వ్యవస్థను బలోపేతం చేసుకొనేందుకు అంగీకరించారు.
cbcb6befcb55788e258b65750176e0b85b6e5babcd79f76c758d443f49f5e16470e36efea89b218cc2825c1882987b264a8ec2d63b8d3617568f9606eb30b53f,common_voice_te_40163552.mp3,భగవంతుని కరుణ లేనిదే ఎటువంటి ప్రతిభా చెల్లదని భావం
cbcb6befcb55788e258b65750176e0b85b6e5babcd79f76c758d443f49f5e16470e36efea89b218cc2825c1882987b264a8ec2d63b8d3617568f9606eb30b53f,common_voice_te_40163568.mp3,ప్రకాశం బ్యారేజిలోకి వరద పోటెత్తుతోంది
cbcb6befcb55788e258b65750176e0b85b6e5babcd79f76c758d443f49f5e16470e36efea89b218cc2825c1882987b264a8ec2d63b8d3617568f9606eb30b53f,common_voice_te_40163585.mp3,పాపికొండల అభయారణ్యంలో రంగురంగుల సీతాకోకచిలుకలు ఉన్నాయి.
cbcb6befcb55788e258b65750176e0b85b6e5babcd79f76c758d443f49f5e16470e36efea89b218cc2825c1882987b264a8ec2d63b8d3617568f9606eb30b53f,common_voice_te_40163386.mp3,కలిమి గలిగి
cbcb6befcb55788e258b65750176e0b85b6e5babcd79f76c758d443f49f5e16470e36efea89b218cc2825c1882987b264a8ec2d63b8d3617568f9606eb30b53f,common_voice_te_40163629.mp3,బీదసాద నెంతొ యాదరించి
cbcb6befcb55788e258b65750176e0b85b6e5babcd79f76c758d443f49f5e16470e36efea89b218cc2825c1882987b264a8ec2d63b8d3617568f9606eb30b53f,common_voice_te_40163630.mp3,శుక్రవారం వారు ఇక్కడ మీడియాతో మాట్లాడారు
cbcb6befcb55788e258b65750176e0b85b6e5babcd79f76c758d443f49f5e16470e36efea89b218cc2825c1882987b264a8ec2d63b8d3617568f9606eb30b53f,common_voice_te_40163639.mp3,మా కళను గుర్తించి వాళ్ళు ఇక్కడికి రావడం ఎంతో ఆనందంగా ఉంటుంది.
cbcb6befcb55788e258b65750176e0b85b6e5babcd79f76c758d443f49f5e16470e36efea89b218cc2825c1882987b264a8ec2d63b8d3617568f9606eb30b53f,common_voice_te_40163647.mp3,పలుకుపలుకులోన నొలికెరా ముత్యాలు
cbcb6befcb55788e258b65750176e0b85b6e5babcd79f76c758d443f49f5e16470e36efea89b218cc2825c1882987b264a8ec2d63b8d3617568f9606eb30b53f,common_voice_te_40163388.mp3,రత్నమాల పుట్ట రంధ్రాన పడవైచి
cbcb6befcb55788e258b65750176e0b85b6e5babcd79f76c758d443f49f5e16470e36efea89b218cc2825c1882987b264a8ec2d63b8d3617568f9606eb30b53f,common_voice_te_40163541.mp3,"వాగులు, వంకలు పొంగి పొర్లుతున్నాయి"
cbcb6befcb55788e258b65750176e0b85b6e5babcd79f76c758d443f49f5e16470e36efea89b218cc2825c1882987b264a8ec2d63b8d3617568f9606eb30b53f,common_voice_te_40163536.mp3,ధర్మమును రక్షింపుము
cbcb6befcb55788e258b65750176e0b85b6e5babcd79f76c758d443f49f5e16470e36efea89b218cc2825c1882987b264a8ec2d63b8d3617568f9606eb30b53f,common_voice_te_40163496.mp3,స్నిగ్ధ కావ్యరసము సీసాలలో నింపి
cbcb6befcb55788e258b65750176e0b85b6e5babcd79f76c758d443f49f5e16470e36efea89b218cc2825c1882987b264a8ec2d63b8d3617568f9606eb30b53f,common_voice_te_40163493.mp3,కాకి చేసుకొన్న కర్మమేమి
cbcb6befcb55788e258b65750176e0b85b6e5babcd79f76c758d443f49f5e16470e36efea89b218cc2825c1882987b264a8ec2d63b8d3617568f9606eb30b53f,common_voice_te_40163491.mp3,బడికి నడువలేడు
cbcb6befcb55788e258b65750176e0b85b6e5babcd79f76c758d443f49f5e16470e36efea89b218cc2825c1882987b264a8ec2d63b8d3617568f9606eb30b53f,common_voice_te_40163490.mp3,సాక్షి ఆచూకీ తెలియరాలేదు
cbcb6befcb55788e258b65750176e0b85b6e5babcd79f76c758d443f49f5e16470e36efea89b218cc2825c1882987b264a8ec2d63b8d3617568f9606eb30b53f,common_voice_te_40163475.mp3,విషయిజ్ఞానమని విభాగము
cbcb6befcb55788e258b65750176e0b85b6e5babcd79f76c758d443f49f5e16470e36efea89b218cc2825c1882987b264a8ec2d63b8d3617568f9606eb30b53f,common_voice_te_40163472.mp3,అప్పటి నుంచి నిందితులు పరారీలో ఉన్నారు.
cbcb6befcb55788e258b65750176e0b85b6e5babcd79f76c758d443f49f5e16470e36efea89b218cc2825c1882987b264a8ec2d63b8d3617568f9606eb30b53f,common_voice_te_40163470.mp3,చలిగాలులు వీచాయి
cbcb6befcb55788e258b65750176e0b85b6e5babcd79f76c758d443f49f5e16470e36efea89b218cc2825c1882987b264a8ec2d63b8d3617568f9606eb30b53f,common_voice_te_40163440.mp3,సింధువునకు గలిగె బంధనమ్ము
cbcb6befcb55788e258b65750176e0b85b6e5babcd79f76c758d443f49f5e16470e36efea89b218cc2825c1882987b264a8ec2d63b8d3617568f9606eb30b53f,common_voice_te_40163432.mp3,ఊరులు పల్లెలు నారులు
cbcb6befcb55788e258b65750176e0b85b6e5babcd79f76c758d443f49f5e16470e36efea89b218cc2825c1882987b264a8ec2d63b8d3617568f9606eb30b53f,common_voice_te_40163252.mp3,కాకి గూడు
cbcb6befcb55788e258b65750176e0b85b6e5babcd79f76c758d443f49f5e16470e36efea89b218cc2825c1882987b264a8ec2d63b8d3617568f9606eb30b53f,common_voice_te_40163258.mp3,బాలమానసముల మేలుకొల్పు
cbcb6befcb55788e258b65750176e0b85b6e5babcd79f76c758d443f49f5e16470e36efea89b218cc2825c1882987b264a8ec2d63b8d3617568f9606eb30b53f,common_voice_te_40163260.mp3,సానుభూతికంటె స్వర్గంబు లేదురా
cbcb6befcb55788e258b65750176e0b85b6e5babcd79f76c758d443f49f5e16470e36efea89b218cc2825c1882987b264a8ec2d63b8d3617568f9606eb30b53f,common_voice_te_40163261.mp3,వీడు పరులవాడు వాడు నావాడని
cbcb6befcb55788e258b65750176e0b85b6e5babcd79f76c758d443f49f5e16470e36efea89b218cc2825c1882987b264a8ec2d63b8d3617568f9606eb30b53f,common_voice_te_40163251.mp3,ఖలుని తప్పుచెంత గలవారలకు ముప్పు
cbcb6befcb55788e258b65750176e0b85b6e5babcd79f76c758d443f49f5e16470e36efea89b218cc2825c1882987b264a8ec2d63b8d3617568f9606eb30b53f,common_voice_te_40163245.mp3,ఈ ఖరీఫ్లో రాష్ట్రంలో వర్షాలు విస్తారంగా కురిసాయి
cbcb6befcb55788e258b65750176e0b85b6e5babcd79f76c758d443f49f5e16470e36efea89b218cc2825c1882987b264a8ec2d63b8d3617568f9606eb30b53f,common_voice_te_40163238.mp3,నైకమత్యమే మహాబలమ్ము
cbcb6befcb55788e258b65750176e0b85b6e5babcd79f76c758d443f49f5e16470e36efea89b218cc2825c1882987b264a8ec2d63b8d3617568f9606eb30b53f,common_voice_te_40163551.mp3,అన్యులము కాదు
cbcb6befcb55788e258b65750176e0b85b6e5babcd79f76c758d443f49f5e16470e36efea89b218cc2825c1882987b264a8ec2d63b8d3617568f9606eb30b53f,common_voice_te_40163138.mp3,ఇప్పుడు మన ముందున్న అతి పెద్ద సవాలు ఇదే
cbcb6befcb55788e258b65750176e0b85b6e5babcd79f76c758d443f49f5e16470e36efea89b218cc2825c1882987b264a8ec2d63b8d3617568f9606eb30b53f,common_voice_te_40163127.mp3,చెప్పడంలో కాదు చేయడంలో ఉండాలి.
cbcb6befcb55788e258b65750176e0b85b6e5babcd79f76c758d443f49f5e16470e36efea89b218cc2825c1882987b264a8ec2d63b8d3617568f9606eb30b53f,common_voice_te_40163126.mp3,చాలా చల్లగా ఉన్న శీతల పానీయాలను తాగకూడదు.
cbcb6befcb55788e258b65750176e0b85b6e5babcd79f76c758d443f49f5e16470e36efea89b218cc2825c1882987b264a8ec2d63b8d3617568f9606eb30b53f,common_voice_te_40163124.mp3,భక్తిలేని పూజ పత్రి చేటు
cbcb6befcb55788e258b65750176e0b85b6e5babcd79f76c758d443f49f5e16470e36efea89b218cc2825c1882987b264a8ec2d63b8d3617568f9606eb30b53f,common_voice_te_40163119.mp3,జనులకొరకు ధర్మశాలలు గట్టించి
cbcb6befcb55788e258b65750176e0b85b6e5babcd79f76c758d443f49f5e16470e36efea89b218cc2825c1882987b264a8ec2d63b8d3617568f9606eb30b53f,common_voice_te_40163115.mp3,గుండెపోటు రావడంతో ఆమె ప్రాణం కోల్పోయింది.
cbcb6befcb55788e258b65750176e0b85b6e5babcd79f76c758d443f49f5e16470e36efea89b218cc2825c1882987b264a8ec2d63b8d3617568f9606eb30b53f,common_voice_te_40163111.mp3,కోకిలమ్మ చేసికొన్న పుణ్యంబేమి
cbcb6befcb55788e258b65750176e0b85b6e5babcd79f76c758d443f49f5e16470e36efea89b218cc2825c1882987b264a8ec2d63b8d3617568f9606eb30b53f,common_voice_te_40163109.mp3,దాడి చేయు వాడె
cbcb6befcb55788e258b65750176e0b85b6e5babcd79f76c758d443f49f5e16470e36efea89b218cc2825c1882987b264a8ec2d63b8d3617568f9606eb30b53f,common_voice_te_40163107.mp3,హంసలందు బకము హాస్యాస్పదంబగు
cbcb6befcb55788e258b65750176e0b85b6e5babcd79f76c758d443f49f5e16470e36efea89b218cc2825c1882987b264a8ec2d63b8d3617568f9606eb30b53f,common_voice_te_40163106.mp3,నీచమని చూడరాదు
cbcb6befcb55788e258b65750176e0b85b6e5babcd79f76c758d443f49f5e16470e36efea89b218cc2825c1882987b264a8ec2d63b8d3617568f9606eb30b53f,common_voice_te_40163099.mp3,మధురజలము లొసగు మానవులకు
cbcb6befcb55788e258b65750176e0b85b6e5babcd79f76c758d443f49f5e16470e36efea89b218cc2825c1882987b264a8ec2d63b8d3617568f9606eb30b53f,common_voice_te_40163095.mp3,కలసపాడు బ్రిడ్జిపై నుంచి నీరు ప్రవహించింది
cbcb6befcb55788e258b65750176e0b85b6e5babcd79f76c758d443f49f5e16470e36efea89b218cc2825c1882987b264a8ec2d63b8d3617568f9606eb30b53f,common_voice_te_40163090.mp3,నష్టపెట్టబోకు నాన్నపనులు
cbcb6befcb55788e258b65750176e0b85b6e5babcd79f76c758d443f49f5e16470e36efea89b218cc2825c1882987b264a8ec2d63b8d3617568f9606eb30b53f,common_voice_te_40163089.mp3,ఐనవారినెల్ల అవహేళనము చేసి
cbcb6befcb55788e258b65750176e0b85b6e5babcd79f76c758d443f49f5e16470e36efea89b218cc2825c1882987b264a8ec2d63b8d3617568f9606eb30b53f,common_voice_te_40163300.mp3,అడవి గాల్చు వేళ నగ్నికి సాయమై
cbcb6befcb55788e258b65750176e0b85b6e5babcd79f76c758d443f49f5e16470e36efea89b218cc2825c1882987b264a8ec2d63b8d3617568f9606eb30b53f,common_voice_te_40163317.mp3,కొండకొమ్ము మీద కూరుచున్న
cbcb6befcb55788e258b65750176e0b85b6e5babcd79f76c758d443f49f5e16470e36efea89b218cc2825c1882987b264a8ec2d63b8d3617568f9606eb30b53f,common_voice_te_40163321.mp3,పెట్టెనిండ కూడబెట్టిన సిరులకు
cbcb6befcb55788e258b65750176e0b85b6e5babcd79f76c758d443f49f5e16470e36efea89b218cc2825c1882987b264a8ec2d63b8d3617568f9606eb30b53f,common_voice_te_40163359.mp3,మొదటి రెండు లేమి మూడవ దశ వచ్చు
cbcb6befcb55788e258b65750176e0b85b6e5babcd79f76c758d443f49f5e16470e36efea89b218cc2825c1882987b264a8ec2d63b8d3617568f9606eb30b53f,common_voice_te_40163361.mp3,గాలి వేగం పెరిగింది
cbcb6befcb55788e258b65750176e0b85b6e5babcd79f76c758d443f49f5e16470e36efea89b218cc2825c1882987b264a8ec2d63b8d3617568f9606eb30b53f,common_voice_te_40163365.mp3,ముందుచూపు లేని మూర్ఖుండు చెడిపోవు
cbcb6befcb55788e258b65750176e0b85b6e5babcd79f76c758d443f49f5e16470e36efea89b218cc2825c1882987b264a8ec2d63b8d3617568f9606eb30b53f,common_voice_te_40163366.mp3,మూడు దశలు విత్తమునకు
cbcb6befcb55788e258b65750176e0b85b6e5babcd79f76c758d443f49f5e16470e36efea89b218cc2825c1882987b264a8ec2d63b8d3617568f9606eb30b53f,common_voice_te_40163381.mp3,వివిధ సంఘాలు మద్దతు ప్రకటించాయి
cbcb6befcb55788e258b65750176e0b85b6e5babcd79f76c758d443f49f5e16470e36efea89b218cc2825c1882987b264a8ec2d63b8d3617568f9606eb30b53f,common_voice_te_40163384.mp3,తెనుగు తల్లి సాధుజన కల్పవల్లిరా
cbcb6befcb55788e258b65750176e0b85b6e5babcd79f76c758d443f49f5e16470e36efea89b218cc2825c1882987b264a8ec2d63b8d3617568f9606eb30b53f,common_voice_te_40163429.mp3,గ్రద్ద కాడు చేరు
cbcb6befcb55788e258b65750176e0b85b6e5babcd79f76c758d443f49f5e16470e36efea89b218cc2825c1882987b264a8ec2d63b8d3617568f9606eb30b53f,common_voice_te_40163422.mp3,దొరలు దోచలేరు
cbcb6befcb55788e258b65750176e0b85b6e5babcd79f76c758d443f49f5e16470e36efea89b218cc2825c1882987b264a8ec2d63b8d3617568f9606eb30b53f,common_voice_te_40163421.mp3,మంగళవారం నాడు నేను వేరే చోటికి పోతాను
cbcb6befcb55788e258b65750176e0b85b6e5babcd79f76c758d443f49f5e16470e36efea89b218cc2825c1882987b264a8ec2d63b8d3617568f9606eb30b53f,common_voice_te_40163413.mp3,ఆంతర్యమునకు
cbcb6befcb55788e258b65750176e0b85b6e5babcd79f76c758d443f49f5e16470e36efea89b218cc2825c1882987b264a8ec2d63b8d3617568f9606eb30b53f,common_voice_te_40163410.mp3,సహజ గుణము లివ్వి చవట విద్యార్థికి
cbcb6befcb55788e258b65750176e0b85b6e5babcd79f76c758d443f49f5e16470e36efea89b218cc2825c1882987b264a8ec2d63b8d3617568f9606eb30b53f,common_voice_te_40163401.mp3,గతేడాది విదేశీ పర్యాటకులను ఆకర్షించడంతో ఆదాయం పెరిగింది
d328f994e493b856989f2e208905450bf53f6b6afd382ce908d5fb15722c960985d4e225a82c5f942250d75f13839a3e94e3fab07164b77f486d0a19e9071382,common_voice_te_40127078.mp3,అతిథిజనుల వీడి అభ్యాగతుల వీడి
d328f994e493b856989f2e208905450bf53f6b6afd382ce908d5fb15722c960985d4e225a82c5f942250d75f13839a3e94e3fab07164b77f486d0a19e9071382,common_voice_te_40127081.mp3,ప్రపంచమునకు జనని
d328f994e493b856989f2e208905450bf53f6b6afd382ce908d5fb15722c960985d4e225a82c5f942250d75f13839a3e94e3fab07164b77f486d0a19e9071382,common_voice_te_40127092.mp3,కలము హలములందు ఘనుండురా పోతన్న
d328f994e493b856989f2e208905450bf53f6b6afd382ce908d5fb15722c960985d4e225a82c5f942250d75f13839a3e94e3fab07164b77f486d0a19e9071382,common_voice_te_40127084.mp3,చేయి దిరిగినట్టి శిలిపి యతడు
d328f994e493b856989f2e208905450bf53f6b6afd382ce908d5fb15722c960985d4e225a82c5f942250d75f13839a3e94e3fab07164b77f486d0a19e9071382,common_voice_te_40127083.mp3,నీతిలేని వాని నేస్తంబురోతరా
d328f994e493b856989f2e208905450bf53f6b6afd382ce908d5fb15722c960985d4e225a82c5f942250d75f13839a3e94e3fab07164b77f486d0a19e9071382,common_voice_te_40116705.mp3,కలిమి గలుగ నేస్తకాండ్రు వేలకు వేలు
d328f994e493b856989f2e208905450bf53f6b6afd382ce908d5fb15722c960985d4e225a82c5f942250d75f13839a3e94e3fab07164b77f486d0a19e9071382,common_voice_te_40116706.mp3,అగ్నిమాపక వాహనం సైరన్ మోగించుకుంటూ వచ్చింది.
d328f994e493b856989f2e208905450bf53f6b6afd382ce908d5fb15722c960985d4e225a82c5f942250d75f13839a3e94e3fab07164b77f486d0a19e9071382,common_voice_te_40116707.mp3,అయితే సోమవారం వారు కార్యలయానికి రాలేదు
d328f994e493b856989f2e208905450bf53f6b6afd382ce908d5fb15722c960985d4e225a82c5f942250d75f13839a3e94e3fab07164b77f486d0a19e9071382,common_voice_te_40116708.mp3,నాకు మీ పేరు తెలియదు
d328f994e493b856989f2e208905450bf53f6b6afd382ce908d5fb15722c960985d4e225a82c5f942250d75f13839a3e94e3fab07164b77f486d0a19e9071382,common_voice_te_40116709.mp3,"చల్లటి గాలి వీస్తోంది, కానీ చల్లగా లేదు."
d328f994e493b856989f2e208905450bf53f6b6afd382ce908d5fb15722c960985d4e225a82c5f942250d75f13839a3e94e3fab07164b77f486d0a19e9071382,common_voice_te_40116755.mp3,అలాగే కమ్యూనికేషన్ వ్యవస్థను బలోపేతం చేసుకొనేందుకు అంగీకరించారు.
d328f994e493b856989f2e208905450bf53f6b6afd382ce908d5fb15722c960985d4e225a82c5f942250d75f13839a3e94e3fab07164b77f486d0a19e9071382,common_voice_te_40116756.mp3,భాగవతము వ్రాసె బమ్మెర పోతన్న
d328f994e493b856989f2e208905450bf53f6b6afd382ce908d5fb15722c960985d4e225a82c5f942250d75f13839a3e94e3fab07164b77f486d0a19e9071382,common_voice_te_40116757.mp3,కోతి మేకు పీకి కోల్పోయె ప్రాణాలు
d328f994e493b856989f2e208905450bf53f6b6afd382ce908d5fb15722c960985d4e225a82c5f942250d75f13839a3e94e3fab07164b77f486d0a19e9071382,common_voice_te_40116758.mp3,దీనులందు దేవదేవుడుండు
d328f994e493b856989f2e208905450bf53f6b6afd382ce908d5fb15722c960985d4e225a82c5f942250d75f13839a3e94e3fab07164b77f486d0a19e9071382,common_voice_te_40116759.mp3,ఆదివారం సెలవు దినం
d328f994e493b856989f2e208905450bf53f6b6afd382ce908d5fb15722c960985d4e225a82c5f942250d75f13839a3e94e3fab07164b77f486d0a19e9071382,common_voice_te_40116809.mp3,ఉష్ణోగ్రతలు గణనీయంగా పెరిగిపోయాయి
d328f994e493b856989f2e208905450bf53f6b6afd382ce908d5fb15722c960985d4e225a82c5f942250d75f13839a3e94e3fab07164b77f486d0a19e9071382,common_voice_te_40116810.mp3,ఆ మందహాసమని భావము
d328f994e493b856989f2e208905450bf53f6b6afd382ce908d5fb15722c960985d4e225a82c5f942250d75f13839a3e94e3fab07164b77f486d0a19e9071382,common_voice_te_40116811.mp3,అందుకే పూర్తి వివరాలు సేకరిస్తున్నాము
d328f994e493b856989f2e208905450bf53f6b6afd382ce908d5fb15722c960985d4e225a82c5f942250d75f13839a3e94e3fab07164b77f486d0a19e9071382,common_voice_te_40116812.mp3,కలిమి గలిగి
d328f994e493b856989f2e208905450bf53f6b6afd382ce908d5fb15722c960985d4e225a82c5f942250d75f13839a3e94e3fab07164b77f486d0a19e9071382,common_voice_te_40116813.mp3,భక్తిలేని పూజ పత్రి చేటు
d328f994e493b856989f2e208905450bf53f6b6afd382ce908d5fb15722c960985d4e225a82c5f942250d75f13839a3e94e3fab07164b77f486d0a19e9071382,common_voice_te_40127082.mp3,కష్టసాధ్యమైన కార్యమ్ము నెరవేర్ప
d328f994e493b856989f2e208905450bf53f6b6afd382ce908d5fb15722c960985d4e225a82c5f942250d75f13839a3e94e3fab07164b77f486d0a19e9071382,common_voice_te_40116834.mp3,పల్లె పైరుగాలి పరిరంభణమ్ములు
d328f994e493b856989f2e208905450bf53f6b6afd382ce908d5fb15722c960985d4e225a82c5f942250d75f13839a3e94e3fab07164b77f486d0a19e9071382,common_voice_te_40116835.mp3,కాదు అనక మీరు కదలండి ధరణికి
d328f994e493b856989f2e208905450bf53f6b6afd382ce908d5fb15722c960985d4e225a82c5f942250d75f13839a3e94e3fab07164b77f486d0a19e9071382,common_voice_te_40116836.mp3,వీడు పరులవాడు వాడు నావాడని
d328f994e493b856989f2e208905450bf53f6b6afd382ce908d5fb15722c960985d4e225a82c5f942250d75f13839a3e94e3fab07164b77f486d0a19e9071382,common_voice_te_40116837.mp3,చెట్లు పూలుపూచు
d328f994e493b856989f2e208905450bf53f6b6afd382ce908d5fb15722c960985d4e225a82c5f942250d75f13839a3e94e3fab07164b77f486d0a19e9071382,common_voice_te_40116838.mp3,ఆ అబ్బాయి చెడ్డవాడు.
d328f994e493b856989f2e208905450bf53f6b6afd382ce908d5fb15722c960985d4e225a82c5f942250d75f13839a3e94e3fab07164b77f486d0a19e9071382,common_voice_te_40116849.mp3,కాకి గూడు
d328f994e493b856989f2e208905450bf53f6b6afd382ce908d5fb15722c960985d4e225a82c5f942250d75f13839a3e94e3fab07164b77f486d0a19e9071382,common_voice_te_40116850.mp3,ఆత్మరక్షణకు మనిషి అణ్వాయుధాలను కనిపెట్టాడు.
d328f994e493b856989f2e208905450bf53f6b6afd382ce908d5fb15722c960985d4e225a82c5f942250d75f13839a3e94e3fab07164b77f486d0a19e9071382,common_voice_te_40116851.mp3,తయారీలో కీలక పాత్ర పోషించే మరో వ్యక్తి తప్పించుకున్నాడు
d328f994e493b856989f2e208905450bf53f6b6afd382ce908d5fb15722c960985d4e225a82c5f942250d75f13839a3e94e3fab07164b77f486d0a19e9071382,common_voice_te_40116852.mp3,నైకమత్యమే మహాబలమ్ము
d328f994e493b856989f2e208905450bf53f6b6afd382ce908d5fb15722c960985d4e225a82c5f942250d75f13839a3e94e3fab07164b77f486d0a19e9071382,common_voice_te_40116929.mp3,పిల్లల అభిరుచి మేరకు అవసరమైన సమాచారం దొరుకుతుంది
d328f994e493b856989f2e208905450bf53f6b6afd382ce908d5fb15722c960985d4e225a82c5f942250d75f13839a3e94e3fab07164b77f486d0a19e9071382,common_voice_te_40116930.mp3,రత్నమాల పుట్ట రంధ్రాన పడవైచి
d328f994e493b856989f2e208905450bf53f6b6afd382ce908d5fb15722c960985d4e225a82c5f942250d75f13839a3e94e3fab07164b77f486d0a19e9071382,common_voice_te_40116931.mp3,సాధుపుంగవులకు జగమే కుటుంబంబు
d328f994e493b856989f2e208905450bf53f6b6afd382ce908d5fb15722c960985d4e225a82c5f942250d75f13839a3e94e3fab07164b77f486d0a19e9071382,common_voice_te_40116933.mp3,ఊరులు పల్లెలు నారులు
d328f994e493b856989f2e208905450bf53f6b6afd382ce908d5fb15722c960985d4e225a82c5f942250d75f13839a3e94e3fab07164b77f486d0a19e9071382,common_voice_te_40116936.mp3,కోకిలమ్మ చేసికొన్న పుణ్యంబేమి
d328f994e493b856989f2e208905450bf53f6b6afd382ce908d5fb15722c960985d4e225a82c5f942250d75f13839a3e94e3fab07164b77f486d0a19e9071382,common_voice_te_40116937.mp3,జిల్లా మొత్తం వర్షాలు పడ్డాయి.
d328f994e493b856989f2e208905450bf53f6b6afd382ce908d5fb15722c960985d4e225a82c5f942250d75f13839a3e94e3fab07164b77f486d0a19e9071382,common_voice_te_40116938.mp3,ఇసుక డిమాండ్ బాగా తగ్గిపోతుంది
d328f994e493b856989f2e208905450bf53f6b6afd382ce908d5fb15722c960985d4e225a82c5f942250d75f13839a3e94e3fab07164b77f486d0a19e9071382,common_voice_te_40127040.mp3,దింతో అసలు విషయం వెలుగుచూసింది
d328f994e493b856989f2e208905450bf53f6b6afd382ce908d5fb15722c960985d4e225a82c5f942250d75f13839a3e94e3fab07164b77f486d0a19e9071382,common_voice_te_40127041.mp3,దేహయష్టి కాదు తెజస్సు ముఖ్యంబు
d328f994e493b856989f2e208905450bf53f6b6afd382ce908d5fb15722c960985d4e225a82c5f942250d75f13839a3e94e3fab07164b77f486d0a19e9071382,common_voice_te_40127043.mp3,స్థూల శరీర సంపర్కముచే
d328f994e493b856989f2e208905450bf53f6b6afd382ce908d5fb15722c960985d4e225a82c5f942250d75f13839a3e94e3fab07164b77f486d0a19e9071382,common_voice_te_40127044.mp3,అనారోగ్య లక్షణాలు కలిగిన వారికి ప్రత్యేక ఏర్పాట్లు చేశామన్నారు
d328f994e493b856989f2e208905450bf53f6b6afd382ce908d5fb15722c960985d4e225a82c5f942250d75f13839a3e94e3fab07164b77f486d0a19e9071382,common_voice_te_40127046.mp3,కొంపగాలు వేళ
d328f994e493b856989f2e208905450bf53f6b6afd382ce908d5fb15722c960985d4e225a82c5f942250d75f13839a3e94e3fab07164b77f486d0a19e9071382,common_voice_te_40127047.mp3,ఇటీవల వర్షాలు బాగా కురిసాయి
d328f994e493b856989f2e208905450bf53f6b6afd382ce908d5fb15722c960985d4e225a82c5f942250d75f13839a3e94e3fab07164b77f486d0a19e9071382,common_voice_te_40127049.mp3,బావి నీటిలోన ప్రతిబింబమును చూపి
d328f994e493b856989f2e208905450bf53f6b6afd382ce908d5fb15722c960985d4e225a82c5f942250d75f13839a3e94e3fab07164b77f486d0a19e9071382,common_voice_te_40127051.mp3,బ్యాంకులను ఇతర ఆర్ధిక సంస్థలను అనుసంధానించి ఆర్థిక సహకారమందేలా చూడాలి.
d328f994e493b856989f2e208905450bf53f6b6afd382ce908d5fb15722c960985d4e225a82c5f942250d75f13839a3e94e3fab07164b77f486d0a19e9071382,common_voice_te_40127053.mp3,సాధు సంగమమున సామాన్యుడును గూడ
d328f994e493b856989f2e208905450bf53f6b6afd382ce908d5fb15722c960985d4e225a82c5f942250d75f13839a3e94e3fab07164b77f486d0a19e9071382,common_voice_te_40127054.mp3,పరీక్షకు నిమిషం ఆలస్యమైనా అనుమతించేది లేదన్నారు
d328f994e493b856989f2e208905450bf53f6b6afd382ce908d5fb15722c960985d4e225a82c5f942250d75f13839a3e94e3fab07164b77f486d0a19e9071382,common_voice_te_40127055.mp3,బోసితాత శాంతి
d328f994e493b856989f2e208905450bf53f6b6afd382ce908d5fb15722c960985d4e225a82c5f942250d75f13839a3e94e3fab07164b77f486d0a19e9071382,common_voice_te_40127056.mp3,చాలా చల్లగా ఉన్న శీతల పానీయాలను తాగకూడదు.
d328f994e493b856989f2e208905450bf53f6b6afd382ce908d5fb15722c960985d4e225a82c5f942250d75f13839a3e94e3fab07164b77f486d0a19e9071382,common_voice_te_40127058.mp3,ఘనత కూర్చు
d328f994e493b856989f2e208905450bf53f6b6afd382ce908d5fb15722c960985d4e225a82c5f942250d75f13839a3e94e3fab07164b77f486d0a19e9071382,common_voice_te_40127064.mp3,ఉడకని అన్నం తింటే కడుపు నొప్పి వస్తుంది.
d328f994e493b856989f2e208905450bf53f6b6afd382ce908d5fb15722c960985d4e225a82c5f942250d75f13839a3e94e3fab07164b77f486d0a19e9071382,common_voice_te_40127065.mp3,ఆంధ్రకవులకెల్ల అన్నయ్య నన్నయ్య
d328f994e493b856989f2e208905450bf53f6b6afd382ce908d5fb15722c960985d4e225a82c5f942250d75f13839a3e94e3fab07164b77f486d0a19e9071382,common_voice_te_40127066.mp3,నరుడు మెచ్చెనేని నారాయణుడు మెచ్చు
d328f994e493b856989f2e208905450bf53f6b6afd382ce908d5fb15722c960985d4e225a82c5f942250d75f13839a3e94e3fab07164b77f486d0a19e9071382,common_voice_te_40127067.mp3,తాతల నుంచి వస్తున్న వృత్తిని వదిలి వేరే పనికి వెళ్ళడానికి మనసు ఒప్పుకోదు
d328f994e493b856989f2e208905450bf53f6b6afd382ce908d5fb15722c960985d4e225a82c5f942250d75f13839a3e94e3fab07164b77f486d0a19e9071382,common_voice_te_40127068.mp3,దేశసేవకంటె దేవతార్చన లేదు
d328f994e493b856989f2e208905450bf53f6b6afd382ce908d5fb15722c960985d4e225a82c5f942250d75f13839a3e94e3fab07164b77f486d0a19e9071382,common_voice_te_40127074.mp3,మంగళవారం నాడు నేను వేరే చోటికి పోతాను
d328f994e493b856989f2e208905450bf53f6b6afd382ce908d5fb15722c960985d4e225a82c5f942250d75f13839a3e94e3fab07164b77f486d0a19e9071382,common_voice_te_40127076.mp3,ఇప్పుడు ఏమి చేయాలో నాకు తెలియదు.
d328f994e493b856989f2e208905450bf53f6b6afd382ce908d5fb15722c960985d4e225a82c5f942250d75f13839a3e94e3fab07164b77f486d0a19e9071382,common_voice_te_40127079.mp3,గోదావరి మళ్ళీ ఉగ్రరూపం దాల్చింది
d328f994e493b856989f2e208905450bf53f6b6afd382ce908d5fb15722c960985d4e225a82c5f942250d75f13839a3e94e3fab07164b77f486d0a19e9071382,common_voice_te_40127080.mp3,ఆ ప్రభువు ఇంద్రుడు
6eadb22dab2ab811ab54ba036b25da8bc184677b2695efbad2e753eea56558737da69d454ab70aed5f3e99ab464e26cef59dac114d7816cb1b0e88b316cbaa1e,common_voice_te_41074884.mp3,స్వాతంత్ర మనరాదు
6eadb22dab2ab811ab54ba036b25da8bc184677b2695efbad2e753eea56558737da69d454ab70aed5f3e99ab464e26cef59dac114d7816cb1b0e88b316cbaa1e,common_voice_te_40894744.mp3,పెద్ద పెద్ద బండలను తొలిచి ధ్వజస్తంభం ఆకృతులుగా మలుస్తారు
6eadb22dab2ab811ab54ba036b25da8bc184677b2695efbad2e753eea56558737da69d454ab70aed5f3e99ab464e26cef59dac114d7816cb1b0e88b316cbaa1e,common_voice_te_40112800.mp3,ఎందుకు నువ్వు అలా ప్రవర్తిస్తున్నావు?
6eadb22dab2ab811ab54ba036b25da8bc184677b2695efbad2e753eea56558737da69d454ab70aed5f3e99ab464e26cef59dac114d7816cb1b0e88b316cbaa1e,common_voice_te_40112816.mp3,బలవంతుడని
6eadb22dab2ab811ab54ba036b25da8bc184677b2695efbad2e753eea56558737da69d454ab70aed5f3e99ab464e26cef59dac114d7816cb1b0e88b316cbaa1e,common_voice_te_40112815.mp3,కాకి చేసుకొన్న కర్మమేమి
6eadb22dab2ab811ab54ba036b25da8bc184677b2695efbad2e753eea56558737da69d454ab70aed5f3e99ab464e26cef59dac114d7816cb1b0e88b316cbaa1e,common_voice_te_40112813.mp3,ఆయన లక్ష్యం మత విద్వేషాలను రెచ్చగొట్టడం
6eadb22dab2ab811ab54ba036b25da8bc184677b2695efbad2e753eea56558737da69d454ab70aed5f3e99ab464e26cef59dac114d7816cb1b0e88b316cbaa1e,common_voice_te_40112833.mp3,సహజ గుణము లివ్వి చవట విద్యార్థికి
6eadb22dab2ab811ab54ba036b25da8bc184677b2695efbad2e753eea56558737da69d454ab70aed5f3e99ab464e26cef59dac114d7816cb1b0e88b316cbaa1e,common_voice_te_40112853.mp3,అరసి మంచిచెడ్డ సరసుండు గ్రహియించు
6eadb22dab2ab811ab54ba036b25da8bc184677b2695efbad2e753eea56558737da69d454ab70aed5f3e99ab464e26cef59dac114d7816cb1b0e88b316cbaa1e,common_voice_te_40112757.mp3,మొదటి రెండు లేమి మూడవ దశ వచ్చు
6eadb22dab2ab811ab54ba036b25da8bc184677b2695efbad2e753eea56558737da69d454ab70aed5f3e99ab464e26cef59dac114d7816cb1b0e88b316cbaa1e,common_voice_te_40112758.mp3,పలుచోట్ల పంటలకు నష్టం వాటిల్లింది
6eadb22dab2ab811ab54ba036b25da8bc184677b2695efbad2e753eea56558737da69d454ab70aed5f3e99ab464e26cef59dac114d7816cb1b0e88b316cbaa1e,common_voice_te_40112759.mp3,పుట్తింట్లో ఉండేటపుడు
6eadb22dab2ab811ab54ba036b25da8bc184677b2695efbad2e753eea56558737da69d454ab70aed5f3e99ab464e26cef59dac114d7816cb1b0e88b316cbaa1e,common_voice_te_40112796.mp3,ధర్మమున్న చోట ధనము లేదు
6eadb22dab2ab811ab54ba036b25da8bc184677b2695efbad2e753eea56558737da69d454ab70aed5f3e99ab464e26cef59dac114d7816cb1b0e88b316cbaa1e,common_voice_te_40112542.mp3,రచించినవారు జంధ్యాల పాపయ్య శాస్త్రి
6eadb22dab2ab811ab54ba036b25da8bc184677b2695efbad2e753eea56558737da69d454ab70aed5f3e99ab464e26cef59dac114d7816cb1b0e88b316cbaa1e,common_voice_te_40112756.mp3,గోదావరి మళ్ళీ ఉగ్రరూపం దాల్చింది
6eadb22dab2ab811ab54ba036b25da8bc184677b2695efbad2e753eea56558737da69d454ab70aed5f3e99ab464e26cef59dac114d7816cb1b0e88b316cbaa1e,common_voice_te_40112735.mp3,రత్నమాల పుట్ట రంధ్రాన పడవైచి
6eadb22dab2ab811ab54ba036b25da8bc184677b2695efbad2e753eea56558737da69d454ab70aed5f3e99ab464e26cef59dac114d7816cb1b0e88b316cbaa1e,common_voice_te_40112733.mp3,దేశసేవకంటె దేవతార్చన లేదు
6eadb22dab2ab811ab54ba036b25da8bc184677b2695efbad2e753eea56558737da69d454ab70aed5f3e99ab464e26cef59dac114d7816cb1b0e88b316cbaa1e,common_voice_te_40112710.mp3,గ్రద్దనెక్కె విష్ణు
6eadb22dab2ab811ab54ba036b25da8bc184677b2695efbad2e753eea56558737da69d454ab70aed5f3e99ab464e26cef59dac114d7816cb1b0e88b316cbaa1e,common_voice_te_40112708.mp3,తగు నుపాయమున్న తప్పు నపాయంబు
6eadb22dab2ab811ab54ba036b25da8bc184677b2695efbad2e753eea56558737da69d454ab70aed5f3e99ab464e26cef59dac114d7816cb1b0e88b316cbaa1e,common_voice_te_40112706.mp3,పరమ సుందరంబు ఫలములు
6eadb22dab2ab811ab54ba036b25da8bc184677b2695efbad2e753eea56558737da69d454ab70aed5f3e99ab464e26cef59dac114d7816cb1b0e88b316cbaa1e,common_voice_te_40112639.mp3,తలపు వేరు
6eadb22dab2ab811ab54ba036b25da8bc184677b2695efbad2e753eea56558737da69d454ab70aed5f3e99ab464e26cef59dac114d7816cb1b0e88b316cbaa1e,common_voice_te_40112626.mp3,గుండ్లకమ్మ వాగులో ట్రాక్టర్ కొట్టుకుపోయింది
6eadb22dab2ab811ab54ba036b25da8bc184677b2695efbad2e753eea56558737da69d454ab70aed5f3e99ab464e26cef59dac114d7816cb1b0e88b316cbaa1e,common_voice_te_40112605.mp3,జుట్టు జుట్టు పట్టి కొట్టుకొనిరి
6eadb22dab2ab811ab54ba036b25da8bc184677b2695efbad2e753eea56558737da69d454ab70aed5f3e99ab464e26cef59dac114d7816cb1b0e88b316cbaa1e,common_voice_te_40112604.mp3,మంచివారి మోసగించుచుండు
6eadb22dab2ab811ab54ba036b25da8bc184677b2695efbad2e753eea56558737da69d454ab70aed5f3e99ab464e26cef59dac114d7816cb1b0e88b316cbaa1e,common_voice_te_40112603.mp3,వివిధ సంఘాలు మద్దతు ప్రకటించాయి
6eadb22dab2ab811ab54ba036b25da8bc184677b2695efbad2e753eea56558737da69d454ab70aed5f3e99ab464e26cef59dac114d7816cb1b0e88b316cbaa1e,common_voice_te_40112595.mp3,ఉడకని అన్నం తింటే కడుపు నొప్పి వస్తుంది.
6eadb22dab2ab811ab54ba036b25da8bc184677b2695efbad2e753eea56558737da69d454ab70aed5f3e99ab464e26cef59dac114d7816cb1b0e88b316cbaa1e,common_voice_te_40112581.mp3,జిల్లా మొత్తం వర్షాలు పడ్డాయి.
6eadb22dab2ab811ab54ba036b25da8bc184677b2695efbad2e753eea56558737da69d454ab70aed5f3e99ab464e26cef59dac114d7816cb1b0e88b316cbaa1e,common_voice_te_40112579.mp3,మద్యమునకు భ్రాంతి
6eadb22dab2ab811ab54ba036b25da8bc184677b2695efbad2e753eea56558737da69d454ab70aed5f3e99ab464e26cef59dac114d7816cb1b0e88b316cbaa1e,common_voice_te_40112577.mp3,మూడు దశలు విత్తమునకు
6eadb22dab2ab811ab54ba036b25da8bc184677b2695efbad2e753eea56558737da69d454ab70aed5f3e99ab464e26cef59dac114d7816cb1b0e88b316cbaa1e,common_voice_te_40112546.mp3,స్థూల శరీర సంపర్కముచే
6eadb22dab2ab811ab54ba036b25da8bc184677b2695efbad2e753eea56558737da69d454ab70aed5f3e99ab464e26cef59dac114d7816cb1b0e88b316cbaa1e,common_voice_te_40112543.mp3,నదులయందు గంగ
6eadb22dab2ab811ab54ba036b25da8bc184677b2695efbad2e753eea56558737da69d454ab70aed5f3e99ab464e26cef59dac114d7816cb1b0e88b316cbaa1e,common_voice_te_48843353.mp3,కాంత కరణి మిగుల గారవించు
6eadb22dab2ab811ab54ba036b25da8bc184677b2695efbad2e753eea56558737da69d454ab70aed5f3e99ab464e26cef59dac114d7816cb1b0e88b316cbaa1e,common_voice_te_48431124.mp3,రాక్షసవీరులను మర్దించుటలో నింద్రునకు సహాయభూతు రాలు
6eadb22dab2ab811ab54ba036b25da8bc184677b2695efbad2e753eea56558737da69d454ab70aed5f3e99ab464e26cef59dac114d7816cb1b0e88b316cbaa1e,common_voice_te_48431119.mp3,యీశ్వరీ ! పవిత్రము గావింపుము
6eadb22dab2ab811ab54ba036b25da8bc184677b2695efbad2e753eea56558737da69d454ab70aed5f3e99ab464e26cef59dac114d7816cb1b0e88b316cbaa1e,common_voice_te_47586131.mp3,గిరులకు వజ్రమ్ము
6eadb22dab2ab811ab54ba036b25da8bc184677b2695efbad2e753eea56558737da69d454ab70aed5f3e99ab464e26cef59dac114d7816cb1b0e88b316cbaa1e,common_voice_te_41078027.mp3,తగిన రక్షణమ్ము త్యాగ గుణము
6eadb22dab2ab811ab54ba036b25da8bc184677b2695efbad2e753eea56558737da69d454ab70aed5f3e99ab464e26cef59dac114d7816cb1b0e88b316cbaa1e,common_voice_te_41074901.mp3,గురువుల యెడల నమ్రత
6eadb22dab2ab811ab54ba036b25da8bc184677b2695efbad2e753eea56558737da69d454ab70aed5f3e99ab464e26cef59dac114d7816cb1b0e88b316cbaa1e,common_voice_te_41074897.mp3,దేశదేశములెల్ల
6eadb22dab2ab811ab54ba036b25da8bc184677b2695efbad2e753eea56558737da69d454ab70aed5f3e99ab464e26cef59dac114d7816cb1b0e88b316cbaa1e,common_voice_te_41074895.mp3,నీదు కరుణ లేక నేర్పులు కొరగావు
6eadb22dab2ab811ab54ba036b25da8bc184677b2695efbad2e753eea56558737da69d454ab70aed5f3e99ab464e26cef59dac114d7816cb1b0e88b316cbaa1e,common_voice_te_40112798.mp3,పలుకుపలుకులోన నొలికెరా ముత్యాలు
6eadb22dab2ab811ab54ba036b25da8bc184677b2695efbad2e753eea56558737da69d454ab70aed5f3e99ab464e26cef59dac114d7816cb1b0e88b316cbaa1e,common_voice_te_41074872.mp3,త్రాగుబోతు మగడు
6eadb22dab2ab811ab54ba036b25da8bc184677b2695efbad2e753eea56558737da69d454ab70aed5f3e99ab464e26cef59dac114d7816cb1b0e88b316cbaa1e,common_voice_te_40903958.mp3,ప్రజలు రేబవళ్ళు పలుకు భాష
6eadb22dab2ab811ab54ba036b25da8bc184677b2695efbad2e753eea56558737da69d454ab70aed5f3e99ab464e26cef59dac114d7816cb1b0e88b316cbaa1e,common_voice_te_40903945.mp3,ఓ సుకుమారీ! మేలును
6eadb22dab2ab811ab54ba036b25da8bc184677b2695efbad2e753eea56558737da69d454ab70aed5f3e99ab464e26cef59dac114d7816cb1b0e88b316cbaa1e,common_voice_te_40903944.mp3,తల్లికాపాడునా
6eadb22dab2ab811ab54ba036b25da8bc184677b2695efbad2e753eea56558737da69d454ab70aed5f3e99ab464e26cef59dac114d7816cb1b0e88b316cbaa1e,common_voice_te_40903940.mp3,శీలము కొందరికి అడుగంటును గాక
6eadb22dab2ab811ab54ba036b25da8bc184677b2695efbad2e753eea56558737da69d454ab70aed5f3e99ab464e26cef59dac114d7816cb1b0e88b316cbaa1e,common_voice_te_40903939.mp3,మఱువరాదు
6eadb22dab2ab811ab54ba036b25da8bc184677b2695efbad2e753eea56558737da69d454ab70aed5f3e99ab464e26cef59dac114d7816cb1b0e88b316cbaa1e,common_voice_te_40903937.mp3,చతురుదైన
6eadb22dab2ab811ab54ba036b25da8bc184677b2695efbad2e753eea56558737da69d454ab70aed5f3e99ab464e26cef59dac114d7816cb1b0e88b316cbaa1e,common_voice_te_40903934.mp3,చిన్ననాటి చెలిమిచే నారికేళంబు
6eadb22dab2ab811ab54ba036b25da8bc184677b2695efbad2e753eea56558737da69d454ab70aed5f3e99ab464e26cef59dac114d7816cb1b0e88b316cbaa1e,common_voice_te_40112831.mp3,రసిక శేఖరులకు నొసగినాడు
6eadb22dab2ab811ab54ba036b25da8bc184677b2695efbad2e753eea56558737da69d454ab70aed5f3e99ab464e26cef59dac114d7816cb1b0e88b316cbaa1e,common_voice_te_40903933.mp3,సూక్తిలేని మాట శ్రుతిలేని పాటరా
6eadb22dab2ab811ab54ba036b25da8bc184677b2695efbad2e753eea56558737da69d454ab70aed5f3e99ab464e26cef59dac114d7816cb1b0e88b316cbaa1e,common_voice_te_40903932.mp3,నేమిఫలంబు చేదువిడ
6eadb22dab2ab811ab54ba036b25da8bc184677b2695efbad2e753eea56558737da69d454ab70aed5f3e99ab464e26cef59dac114d7816cb1b0e88b316cbaa1e,common_voice_te_40903928.mp3,పలురోగములకు నీ
6eadb22dab2ab811ab54ba036b25da8bc184677b2695efbad2e753eea56558737da69d454ab70aed5f3e99ab464e26cef59dac114d7816cb1b0e88b316cbaa1e,common_voice_te_40903918.mp3,ధరణిలోపల నేను
6eadb22dab2ab811ab54ba036b25da8bc184677b2695efbad2e753eea56558737da69d454ab70aed5f3e99ab464e26cef59dac114d7816cb1b0e88b316cbaa1e,common_voice_te_40903915.mp3,బాలమానసముల మేలుకొల్పు
6eadb22dab2ab811ab54ba036b25da8bc184677b2695efbad2e753eea56558737da69d454ab70aed5f3e99ab464e26cef59dac114d7816cb1b0e88b316cbaa1e,common_voice_te_40903903.mp3,పరీక్షకు నిమిషం ఆలస్యమైనా అనుమతించేది లేదన్నారు
6eadb22dab2ab811ab54ba036b25da8bc184677b2695efbad2e753eea56558737da69d454ab70aed5f3e99ab464e26cef59dac114d7816cb1b0e88b316cbaa1e,common_voice_te_40903894.mp3,విషయిజ్ఞానమని విభాగము
6eadb22dab2ab811ab54ba036b25da8bc184677b2695efbad2e753eea56558737da69d454ab70aed5f3e99ab464e26cef59dac114d7816cb1b0e88b316cbaa1e,common_voice_te_40903880.mp3,ఈ ఖరీఫ్లో రాష్ట్రంలో వర్షాలు విస్తారంగా కురిసాయి
6eadb22dab2ab811ab54ba036b25da8bc184677b2695efbad2e753eea56558737da69d454ab70aed5f3e99ab464e26cef59dac114d7816cb1b0e88b316cbaa1e,common_voice_te_40903879.mp3,అన్యులము కాదు
6eadb22dab2ab811ab54ba036b25da8bc184677b2695efbad2e753eea56558737da69d454ab70aed5f3e99ab464e26cef59dac114d7816cb1b0e88b316cbaa1e,common_voice_te_40894746.mp3,కుమార శతకము
6eadb22dab2ab811ab54ba036b25da8bc184677b2695efbad2e753eea56558737da69d454ab70aed5f3e99ab464e26cef59dac114d7816cb1b0e88b316cbaa1e,common_voice_te_40894761.mp3,జవముచేత వెలుగు సైంధవంబు
6eadb22dab2ab811ab54ba036b25da8bc184677b2695efbad2e753eea56558737da69d454ab70aed5f3e99ab464e26cef59dac114d7816cb1b0e88b316cbaa1e,common_voice_te_40894773.mp3,మంగళవారం నాడు నేను వేరే చోటికి పోతాను
6eadb22dab2ab811ab54ba036b25da8bc184677b2695efbad2e753eea56558737da69d454ab70aed5f3e99ab464e26cef59dac114d7816cb1b0e88b316cbaa1e,common_voice_te_40894805.mp3,రహస్యంగా నాటు తుపాకీలు తయారు చేస్తున్న కేంద్రంపై పోలీసులు దాడి చేసి కొంతమందిని అరెస్ట్ చేసారు.
6eadb22dab2ab811ab54ba036b25da8bc184677b2695efbad2e753eea56558737da69d454ab70aed5f3e99ab464e26cef59dac114d7816cb1b0e88b316cbaa1e,common_voice_te_40894809.mp3,చెప్పడంలో కాదు చేయడంలో ఉండాలి.
6eadb22dab2ab811ab54ba036b25da8bc184677b2695efbad2e753eea56558737da69d454ab70aed5f3e99ab464e26cef59dac114d7816cb1b0e88b316cbaa1e,common_voice_te_40894872.mp3,చంచలంబు లివ్వి
6eadb22dab2ab811ab54ba036b25da8bc184677b2695efbad2e753eea56558737da69d454ab70aed5f3e99ab464e26cef59dac114d7816cb1b0e88b316cbaa1e,common_voice_te_40894898.mp3,దేహయష్టి కాదు తెజస్సు ముఖ్యంబు
6eadb22dab2ab811ab54ba036b25da8bc184677b2695efbad2e753eea56558737da69d454ab70aed5f3e99ab464e26cef59dac114d7816cb1b0e88b316cbaa1e,common_voice_te_40894899.mp3,బావి నీటిలోన ప్రతిబింబమును చూపి
6eadb22dab2ab811ab54ba036b25da8bc184677b2695efbad2e753eea56558737da69d454ab70aed5f3e99ab464e26cef59dac114d7816cb1b0e88b316cbaa1e,common_voice_te_40894900.mp3,దాడి చేయు వాడె
6eadb22dab2ab811ab54ba036b25da8bc184677b2695efbad2e753eea56558737da69d454ab70aed5f3e99ab464e26cef59dac114d7816cb1b0e88b316cbaa1e,common_voice_te_40894909.mp3,నైకమత్యమే మహాబలమ్ము
6eadb22dab2ab811ab54ba036b25da8bc184677b2695efbad2e753eea56558737da69d454ab70aed5f3e99ab464e26cef59dac114d7816cb1b0e88b316cbaa1e,common_voice_te_40894942.mp3,మాతోనే ఈ కళ కనుమరుగవుతుందేమో అని బాధగా ఉంది.
6eadb22dab2ab811ab54ba036b25da8bc184677b2695efbad2e753eea56558737da69d454ab70aed5f3e99ab464e26cef59dac114d7816cb1b0e88b316cbaa1e,common_voice_te_40894943.mp3,దేవతలకు నిడక తినెడివాని
6eadb22dab2ab811ab54ba036b25da8bc184677b2695efbad2e753eea56558737da69d454ab70aed5f3e99ab464e26cef59dac114d7816cb1b0e88b316cbaa1e,common_voice_te_40894946.mp3,అతిథిజనుల వీడి అభ్యాగతుల వీడి
6eadb22dab2ab811ab54ba036b25da8bc184677b2695efbad2e753eea56558737da69d454ab70aed5f3e99ab464e26cef59dac114d7816cb1b0e88b316cbaa1e,common_voice_te_40903813.mp3,చేయి దిరిగినట్టి శిలిపి యతడు
6eadb22dab2ab811ab54ba036b25da8bc184677b2695efbad2e753eea56558737da69d454ab70aed5f3e99ab464e26cef59dac114d7816cb1b0e88b316cbaa1e,common_voice_te_40903816.mp3,ఇటీవల వర్షాలు బాగా కురిసాయి
6eadb22dab2ab811ab54ba036b25da8bc184677b2695efbad2e753eea56558737da69d454ab70aed5f3e99ab464e26cef59dac114d7816cb1b0e88b316cbaa1e,common_voice_te_40903817.mp3,మూని వ్రాసె కావ్యములను
6eadb22dab2ab811ab54ba036b25da8bc184677b2695efbad2e753eea56558737da69d454ab70aed5f3e99ab464e26cef59dac114d7816cb1b0e88b316cbaa1e,common_voice_te_40903820.mp3,భాగవతము వ్రాసె బమ్మెర పోతన్న
6eadb22dab2ab811ab54ba036b25da8bc184677b2695efbad2e753eea56558737da69d454ab70aed5f3e99ab464e26cef59dac114d7816cb1b0e88b316cbaa1e,common_voice_te_40903844.mp3,చదువొక్కటే కాదు ఆటలు కూడా ముఖ్యమే
6eadb22dab2ab811ab54ba036b25da8bc184677b2695efbad2e753eea56558737da69d454ab70aed5f3e99ab464e26cef59dac114d7816cb1b0e88b316cbaa1e,common_voice_te_40885960.mp3,చదువురాని మొద్దు సభల రాణింపదు
6eadb22dab2ab811ab54ba036b25da8bc184677b2695efbad2e753eea56558737da69d454ab70aed5f3e99ab464e26cef59dac114d7816cb1b0e88b316cbaa1e,common_voice_te_40885971.mp3,నీచమని చూడరాదు
6eadb22dab2ab811ab54ba036b25da8bc184677b2695efbad2e753eea56558737da69d454ab70aed5f3e99ab464e26cef59dac114d7816cb1b0e88b316cbaa1e,common_voice_te_40885979.mp3,ప్రకాశం బ్యారేజిలోకి వరద పోటెత్తుతోంది
6eadb22dab2ab811ab54ba036b25da8bc184677b2695efbad2e753eea56558737da69d454ab70aed5f3e99ab464e26cef59dac114d7816cb1b0e88b316cbaa1e,common_voice_te_40885981.mp3,అడుసు త్రొక్కి కాలు కడుగుటేల
6eadb22dab2ab811ab54ba036b25da8bc184677b2695efbad2e753eea56558737da69d454ab70aed5f3e99ab464e26cef59dac114d7816cb1b0e88b316cbaa1e,common_voice_te_40885993.mp3,సాధుపుంగవులకు సహజలక్షణమిది
6eadb22dab2ab811ab54ba036b25da8bc184677b2695efbad2e753eea56558737da69d454ab70aed5f3e99ab464e26cef59dac114d7816cb1b0e88b316cbaa1e,common_voice_te_40886008.mp3,గాలి చాలా వేగంగా వీస్తోంది.
6eadb22dab2ab811ab54ba036b25da8bc184677b2695efbad2e753eea56558737da69d454ab70aed5f3e99ab464e26cef59dac114d7816cb1b0e88b316cbaa1e,common_voice_te_40886025.mp3,బ్యాంకులను ఇతర ఆర్ధిక సంస్థలను అనుసంధానించి ఆర్థిక సహకారమందేలా చూడాలి.
6eadb22dab2ab811ab54ba036b25da8bc184677b2695efbad2e753eea56558737da69d454ab70aed5f3e99ab464e26cef59dac114d7816cb1b0e88b316cbaa1e,common_voice_te_40886040.mp3,కరుల గుండె లదర గర్జించునా నక్క
6eadb22dab2ab811ab54ba036b25da8bc184677b2695efbad2e753eea56558737da69d454ab70aed5f3e99ab464e26cef59dac114d7816cb1b0e88b316cbaa1e,common_voice_te_40886097.mp3,స్వార్థపరతకంటె చావులేదు
6eadb22dab2ab811ab54ba036b25da8bc184677b2695efbad2e753eea56558737da69d454ab70aed5f3e99ab464e26cef59dac114d7816cb1b0e88b316cbaa1e,common_voice_te_40886101.mp3,కోకిలమ్మ చేసికొన్న పుణ్యంబేమి
6eadb22dab2ab811ab54ba036b25da8bc184677b2695efbad2e753eea56558737da69d454ab70aed5f3e99ab464e26cef59dac114d7816cb1b0e88b316cbaa1e,common_voice_te_40886103.mp3,విషమహీజమునకు వెలయు రెండు
6eadb22dab2ab811ab54ba036b25da8bc184677b2695efbad2e753eea56558737da69d454ab70aed5f3e99ab464e26cef59dac114d7816cb1b0e88b316cbaa1e,common_voice_te_40886105.mp3,గహనమెంత అగ్ని కణమదెంత
6eadb22dab2ab811ab54ba036b25da8bc184677b2695efbad2e753eea56558737da69d454ab70aed5f3e99ab464e26cef59dac114d7816cb1b0e88b316cbaa1e,common_voice_te_40894732.mp3,నాకు మీ పేరు తెలియదు
6eadb22dab2ab811ab54ba036b25da8bc184677b2695efbad2e753eea56558737da69d454ab70aed5f3e99ab464e26cef59dac114d7816cb1b0e88b316cbaa1e,common_voice_te_40894742.mp3,ఆశపోతువాని కానంద మది కల్ల
a5ee7de1787c952040d904c9ea437f8b52a30ccf948dd08bccfdfb207553084624f92fdb7c118868db54b652d7b1519fb941ae02616998d0fe1b0aa5b699061e,common_voice_te_39172347.mp3,కరుణశ్రీ
a5ee7de1787c952040d904c9ea437f8b52a30ccf948dd08bccfdfb207553084624f92fdb7c118868db54b652d7b1519fb941ae02616998d0fe1b0aa5b699061e,common_voice_te_39172025.mp3,కాకి జున్ను ముక్క కాజేసెరా నక్క
a5ee7de1787c952040d904c9ea437f8b52a30ccf948dd08bccfdfb207553084624f92fdb7c118868db54b652d7b1519fb941ae02616998d0fe1b0aa5b699061e,common_voice_te_39172305.mp3,వీడు పరులవాడు వాడు నావాడని
a5ee7de1787c952040d904c9ea437f8b52a30ccf948dd08bccfdfb207553084624f92fdb7c118868db54b652d7b1519fb941ae02616998d0fe1b0aa5b699061e,common_voice_te_39172304.mp3,సానుభూతికంటె స్వర్గంబు లేదురా
a5ee7de1787c952040d904c9ea437f8b52a30ccf948dd08bccfdfb207553084624f92fdb7c118868db54b652d7b1519fb941ae02616998d0fe1b0aa5b699061e,common_voice_te_39172293.mp3,గురువారం నాకు ఏ పని లేదు
a5ee7de1787c952040d904c9ea437f8b52a30ccf948dd08bccfdfb207553084624f92fdb7c118868db54b652d7b1519fb941ae02616998d0fe1b0aa5b699061e,common_voice_te_39172288.mp3,సాక్షి ఆచూకీ తెలియరాలేదు
a5ee7de1787c952040d904c9ea437f8b52a30ccf948dd08bccfdfb207553084624f92fdb7c118868db54b652d7b1519fb941ae02616998d0fe1b0aa5b699061e,common_voice_te_39172278.mp3,బావి నీటిలోన ప్రతిబింబమును చూపి
a5ee7de1787c952040d904c9ea437f8b52a30ccf948dd08bccfdfb207553084624f92fdb7c118868db54b652d7b1519fb941ae02616998d0fe1b0aa5b699061e,common_voice_te_39172275.mp3,గుండ్లకమ్మ వాగులో ట్రాక్టర్ కొట్టుకుపోయింది
a5ee7de1787c952040d904c9ea437f8b52a30ccf948dd08bccfdfb207553084624f92fdb7c118868db54b652d7b1519fb941ae02616998d0fe1b0aa5b699061e,common_voice_te_39172131.mp3,తల వెంట్రుకలయందు నలుపు రంగు
a5ee7de1787c952040d904c9ea437f8b52a30ccf948dd08bccfdfb207553084624f92fdb7c118868db54b652d7b1519fb941ae02616998d0fe1b0aa5b699061e,common_voice_te_39172115.mp3,మాతోనే ఈ కళ కనుమరుగవుతుందేమో అని బాధగా ఉంది.
a5ee7de1787c952040d904c9ea437f8b52a30ccf948dd08bccfdfb207553084624f92fdb7c118868db54b652d7b1519fb941ae02616998d0fe1b0aa5b699061e,common_voice_te_39172114.mp3,కోకిలమ్మ చేసికొన్న పుణ్యంబేమి
a5ee7de1787c952040d904c9ea437f8b52a30ccf948dd08bccfdfb207553084624f92fdb7c118868db54b652d7b1519fb941ae02616998d0fe1b0aa5b699061e,common_voice_te_39172113.mp3,కలసపాడు బ్రిడ్జిపై నుంచి నీరు ప్రవహించింది
a5ee7de1787c952040d904c9ea437f8b52a30ccf948dd08bccfdfb207553084624f92fdb7c118868db54b652d7b1519fb941ae02616998d0fe1b0aa5b699061e,common_voice_te_39172111.mp3,హలము చేతబట్టి పొలము దున్నె
a5ee7de1787c952040d904c9ea437f8b52a30ccf948dd08bccfdfb207553084624f92fdb7c118868db54b652d7b1519fb941ae02616998d0fe1b0aa5b699061e,common_voice_te_39172104.mp3,గతేడాది విదేశీ పర్యాటకులను ఆకర్షించడంతో ఆదాయం పెరిగింది
a5ee7de1787c952040d904c9ea437f8b52a30ccf948dd08bccfdfb207553084624f92fdb7c118868db54b652d7b1519fb941ae02616998d0fe1b0aa5b699061e,common_voice_te_39172103.mp3,భక్తిలేని పూజ పత్రి చేటు
a5ee7de1787c952040d904c9ea437f8b52a30ccf948dd08bccfdfb207553084624f92fdb7c118868db54b652d7b1519fb941ae02616998d0fe1b0aa5b699061e,common_voice_te_39172101.mp3,అల్పమతికి పదవి హస్యాస్పదంబురా
a5ee7de1787c952040d904c9ea437f8b52a30ccf948dd08bccfdfb207553084624f92fdb7c118868db54b652d7b1519fb941ae02616998d0fe1b0aa5b699061e,common_voice_te_39172100.mp3,చేయి దిరిగినట్టి శిలిపి యతడు
a5ee7de1787c952040d904c9ea437f8b52a30ccf948dd08bccfdfb207553084624f92fdb7c118868db54b652d7b1519fb941ae02616998d0fe1b0aa5b699061e,common_voice_te_39172089.mp3,కుమార శతకము
a5ee7de1787c952040d904c9ea437f8b52a30ccf948dd08bccfdfb207553084624f92fdb7c118868db54b652d7b1519fb941ae02616998d0fe1b0aa5b699061e,common_voice_te_39172082.mp3,పుట్తింట్లో ఉండేటపుడు
a5ee7de1787c952040d904c9ea437f8b52a30ccf948dd08bccfdfb207553084624f92fdb7c118868db54b652d7b1519fb941ae02616998d0fe1b0aa5b699061e,common_voice_te_39172338.mp3,చచ్చి కూడ చీల్చి యిచ్చు తనువు
a5ee7de1787c952040d904c9ea437f8b52a30ccf948dd08bccfdfb207553084624f92fdb7c118868db54b652d7b1519fb941ae02616998d0fe1b0aa5b699061e,common_voice_te_39172308.mp3,ఎద్దునెక్కె శివుడు
a5ee7de1787c952040d904c9ea437f8b52a30ccf948dd08bccfdfb207553084624f92fdb7c118868db54b652d7b1519fb941ae02616998d0fe1b0aa5b699061e,common_voice_te_39172310.mp3,మాట
a5ee7de1787c952040d904c9ea437f8b52a30ccf948dd08bccfdfb207553084624f92fdb7c118868db54b652d7b1519fb941ae02616998d0fe1b0aa5b699061e,common_voice_te_39171815.mp3,పసిడి కంకణమ్ము బ్రాహ్మణు వంచించె
a5ee7de1787c952040d904c9ea437f8b52a30ccf948dd08bccfdfb207553084624f92fdb7c118868db54b652d7b1519fb941ae02616998d0fe1b0aa5b699061e,common_voice_te_39172339.mp3,రబీలో అత్యధికంగా సాగు చేసే పంటల్లో శనగ ఒక్కటి.
a5ee7de1787c952040d904c9ea437f8b52a30ccf948dd08bccfdfb207553084624f92fdb7c118868db54b652d7b1519fb941ae02616998d0fe1b0aa5b699061e,common_voice_te_39172341.mp3,నష్టపెట్టబోకు నాన్నపనులు
a5ee7de1787c952040d904c9ea437f8b52a30ccf948dd08bccfdfb207553084624f92fdb7c118868db54b652d7b1519fb941ae02616998d0fe1b0aa5b699061e,common_voice_te_39172342.mp3,ఆత్మరక్షణకు మనిషి అణ్వాయుధాలను కనిపెట్టాడు.
a5ee7de1787c952040d904c9ea437f8b52a30ccf948dd08bccfdfb207553084624f92fdb7c118868db54b652d7b1519fb941ae02616998d0fe1b0aa5b699061e,common_voice_te_39172343.mp3,మదగజమ్ము వీడి
a5ee7de1787c952040d904c9ea437f8b52a30ccf948dd08bccfdfb207553084624f92fdb7c118868db54b652d7b1519fb941ae02616998d0fe1b0aa5b699061e,common_voice_te_39172345.mp3,కలము పట్టగానె కవిశేఖరుడు గాడు
a5ee7de1787c952040d904c9ea437f8b52a30ccf948dd08bccfdfb207553084624f92fdb7c118868db54b652d7b1519fb941ae02616998d0fe1b0aa5b699061e,common_voice_te_39172346.mp3,జిల్లా మొత్తం వర్షాలు పడ్డాయి.
a5ee7de1787c952040d904c9ea437f8b52a30ccf948dd08bccfdfb207553084624f92fdb7c118868db54b652d7b1519fb941ae02616998d0fe1b0aa5b699061e,common_voice_te_39172375.mp3,బైట పిచ్చి కుక్క పరిభవించు
a5ee7de1787c952040d904c9ea437f8b52a30ccf948dd08bccfdfb207553084624f92fdb7c118868db54b652d7b1519fb941ae02616998d0fe1b0aa5b699061e,common_voice_te_39172376.mp3,ధర్మమును రక్షింపుము
a5ee7de1787c952040d904c9ea437f8b52a30ccf948dd08bccfdfb207553084624f92fdb7c118868db54b652d7b1519fb941ae02616998d0fe1b0aa5b699061e,common_voice_te_39172387.mp3,లలితసుగుణజాల! తెలుగుబాల!!
a5ee7de1787c952040d904c9ea437f8b52a30ccf948dd08bccfdfb207553084624f92fdb7c118868db54b652d7b1519fb941ae02616998d0fe1b0aa5b699061e,common_voice_te_39172390.mp3,ముద్దనూరు చెరువు కట్ట తెగింది
a5ee7de1787c952040d904c9ea437f8b52a30ccf948dd08bccfdfb207553084624f92fdb7c118868db54b652d7b1519fb941ae02616998d0fe1b0aa5b699061e,common_voice_te_39172411.mp3,తాతల నుంచి వస్తున్న వృత్తిని వదిలి వేరే పనికి వెళ్ళడానికి మనసు ఒప్పుకోదు
a5ee7de1787c952040d904c9ea437f8b52a30ccf948dd08bccfdfb207553084624f92fdb7c118868db54b652d7b1519fb941ae02616998d0fe1b0aa5b699061e,common_voice_te_39172414.mp3,బావి త్రవ్వ నేమి ఫలము గలుగు
a5ee7de1787c952040d904c9ea437f8b52a30ccf948dd08bccfdfb207553084624f92fdb7c118868db54b652d7b1519fb941ae02616998d0fe1b0aa5b699061e,common_voice_te_39172415.mp3,తనకు తగని పిచ్చి పనులకు పోనేల
a5ee7de1787c952040d904c9ea437f8b52a30ccf948dd08bccfdfb207553084624f92fdb7c118868db54b652d7b1519fb941ae02616998d0fe1b0aa5b699061e,common_voice_te_39172446.mp3,ఖలుని తప్పుచెంత గలవారలకు ముప్పు
a5ee7de1787c952040d904c9ea437f8b52a30ccf948dd08bccfdfb207553084624f92fdb7c118868db54b652d7b1519fb941ae02616998d0fe1b0aa5b699061e,common_voice_te_39172447.mp3,తెలుగుబాల! శతకంజంధ్యాల పాపయ్య శాస్త్రి
a5ee7de1787c952040d904c9ea437f8b52a30ccf948dd08bccfdfb207553084624f92fdb7c118868db54b652d7b1519fb941ae02616998d0fe1b0aa5b699061e,common_voice_te_39172448.mp3,వాని పాదములను నేను సేవింతును
a5ee7de1787c952040d904c9ea437f8b52a30ccf948dd08bccfdfb207553084624f92fdb7c118868db54b652d7b1519fb941ae02616998d0fe1b0aa5b699061e,common_voice_te_39172464.mp3,కలము చేతపట్టి కావ్యమ్ము రచింయిచె
a5ee7de1787c952040d904c9ea437f8b52a30ccf948dd08bccfdfb207553084624f92fdb7c118868db54b652d7b1519fb941ae02616998d0fe1b0aa5b699061e,common_voice_te_39172466.mp3,బోసితాత శాంతి
a5ee7de1787c952040d904c9ea437f8b52a30ccf948dd08bccfdfb207553084624f92fdb7c118868db54b652d7b1519fb941ae02616998d0fe1b0aa5b699061e,common_voice_te_39172068.mp3,బీదసాద నెంతొ యాదరించి
a5ee7de1787c952040d904c9ea437f8b52a30ccf948dd08bccfdfb207553084624f92fdb7c118868db54b652d7b1519fb941ae02616998d0fe1b0aa5b699061e,common_voice_te_39172067.mp3,ఈ సారి పండుగ బుధవారం వస్తుంది
a5ee7de1787c952040d904c9ea437f8b52a30ccf948dd08bccfdfb207553084624f92fdb7c118868db54b652d7b1519fb941ae02616998d0fe1b0aa5b699061e,common_voice_te_39172066.mp3,దేవతలకు నిడక తినెడివాని
a5ee7de1787c952040d904c9ea437f8b52a30ccf948dd08bccfdfb207553084624f92fdb7c118868db54b652d7b1519fb941ae02616998d0fe1b0aa5b699061e,common_voice_te_39172064.mp3,విషమహీజమునకు వెలయు రెండు
a5ee7de1787c952040d904c9ea437f8b52a30ccf948dd08bccfdfb207553084624f92fdb7c118868db54b652d7b1519fb941ae02616998d0fe1b0aa5b699061e,common_voice_te_39172048.mp3,ఇసుక డిమాండ్ బాగా తగ్గిపోతుంది
a5ee7de1787c952040d904c9ea437f8b52a30ccf948dd08bccfdfb207553084624f92fdb7c118868db54b652d7b1519fb941ae02616998d0fe1b0aa5b699061e,common_voice_te_39172046.mp3,తొందరపడకుము
a5ee7de1787c952040d904c9ea437f8b52a30ccf948dd08bccfdfb207553084624f92fdb7c118868db54b652d7b1519fb941ae02616998d0fe1b0aa5b699061e,common_voice_te_39172029.mp3,కోతి మేకు పీకి కోల్పోయె ప్రాణాలు
a5ee7de1787c952040d904c9ea437f8b52a30ccf948dd08bccfdfb207553084624f92fdb7c118868db54b652d7b1519fb941ae02616998d0fe1b0aa5b699061e,common_voice_te_39172027.mp3,జవముచేత వెలుగు సైంధవంబు
a5ee7de1787c952040d904c9ea437f8b52a30ccf948dd08bccfdfb207553084624f92fdb7c118868db54b652d7b1519fb941ae02616998d0fe1b0aa5b699061e,common_voice_te_39172307.mp3,మనుజుని పోనాడి
a5ee7de1787c952040d904c9ea437f8b52a30ccf948dd08bccfdfb207553084624f92fdb7c118868db54b652d7b1519fb941ae02616998d0fe1b0aa5b699061e,common_voice_te_39172019.mp3,దీన్ని అరికట్టడంలో ఆయన విఫలమయ్యారు
a5ee7de1787c952040d904c9ea437f8b52a30ccf948dd08bccfdfb207553084624f92fdb7c118868db54b652d7b1519fb941ae02616998d0fe1b0aa5b699061e,common_voice_te_39172016.mp3,మద్యమునకు భ్రాంతి
a5ee7de1787c952040d904c9ea437f8b52a30ccf948dd08bccfdfb207553084624f92fdb7c118868db54b652d7b1519fb941ae02616998d0fe1b0aa5b699061e,common_voice_te_39172008.mp3,రచించినవారు జంధ్యాల పాపయ్య శాస్త్రి
a5ee7de1787c952040d904c9ea437f8b52a30ccf948dd08bccfdfb207553084624f92fdb7c118868db54b652d7b1519fb941ae02616998d0fe1b0aa5b699061e,common_voice_te_39171998.mp3,ప్రపంచమునకు జనని
a5ee7de1787c952040d904c9ea437f8b52a30ccf948dd08bccfdfb207553084624f92fdb7c118868db54b652d7b1519fb941ae02616998d0fe1b0aa5b699061e,common_voice_te_39171997.mp3,వరపరాక్రములకు వయసుతో పనిలేదు
a5ee7de1787c952040d904c9ea437f8b52a30ccf948dd08bccfdfb207553084624f92fdb7c118868db54b652d7b1519fb941ae02616998d0fe1b0aa5b699061e,common_voice_te_39171995.mp3,మూని వ్రాసె కావ్యములను
a5ee7de1787c952040d904c9ea437f8b52a30ccf948dd08bccfdfb207553084624f92fdb7c118868db54b652d7b1519fb941ae02616998d0fe1b0aa5b699061e,common_voice_te_39171994.mp3,ఆదివారం సెలవు దినం
a5ee7de1787c952040d904c9ea437f8b52a30ccf948dd08bccfdfb207553084624f92fdb7c118868db54b652d7b1519fb941ae02616998d0fe1b0aa5b699061e,common_voice_te_39171993.mp3,సాధుపుంగవులకు జగమే కుటుంబంబు
a5ee7de1787c952040d904c9ea437f8b52a30ccf948dd08bccfdfb207553084624f92fdb7c118868db54b652d7b1519fb941ae02616998d0fe1b0aa5b699061e,common_voice_te_39171991.mp3,ఖడ్గమూని శతృకంఠాలు ఖండించె
a5ee7de1787c952040d904c9ea437f8b52a30ccf948dd08bccfdfb207553084624f92fdb7c118868db54b652d7b1519fb941ae02616998d0fe1b0aa5b699061e,common_voice_te_39171985.mp3,వివిధ సంఘాలు మద్దతు ప్రకటించాయి
a5ee7de1787c952040d904c9ea437f8b52a30ccf948dd08bccfdfb207553084624f92fdb7c118868db54b652d7b1519fb941ae02616998d0fe1b0aa5b699061e,common_voice_te_39171984.mp3,భాగవతము వ్రాసె బమ్మెర పోతన్న
a5ee7de1787c952040d904c9ea437f8b52a30ccf948dd08bccfdfb207553084624f92fdb7c118868db54b652d7b1519fb941ae02616998d0fe1b0aa5b699061e,common_voice_te_39171983.mp3,దేశసేవకంటె దేవతార్చన లేదు
a5ee7de1787c952040d904c9ea437f8b52a30ccf948dd08bccfdfb207553084624f92fdb7c118868db54b652d7b1519fb941ae02616998d0fe1b0aa5b699061e,common_voice_te_39171982.mp3,కాకి త్రాచుపాము గర్వ మడచె
a5ee7de1787c952040d904c9ea437f8b52a30ccf948dd08bccfdfb207553084624f92fdb7c118868db54b652d7b1519fb941ae02616998d0fe1b0aa5b699061e,common_voice_te_39171979.mp3,బాల బాలికలను
a5ee7de1787c952040d904c9ea437f8b52a30ccf948dd08bccfdfb207553084624f92fdb7c118868db54b652d7b1519fb941ae02616998d0fe1b0aa5b699061e,common_voice_te_39171978.mp3,మొదటి రెండు లేమి మూడవ దశ వచ్చు
a5ee7de1787c952040d904c9ea437f8b52a30ccf948dd08bccfdfb207553084624f92fdb7c118868db54b652d7b1519fb941ae02616998d0fe1b0aa5b699061e,common_voice_te_39171968.mp3,ప్రకృతి వైపరీత్యాల సమయంలో తీవ్ర ఇబ్బందులు పడుతున్నాం.
a5ee7de1787c952040d904c9ea437f8b52a30ccf948dd08bccfdfb207553084624f92fdb7c118868db54b652d7b1519fb941ae02616998d0fe1b0aa5b699061e,common_voice_te_39171967.mp3,మా కళను గుర్తించి వాళ్ళు ఇక్కడికి రావడం ఎంతో ఆనందంగా ఉంటుంది.
a5ee7de1787c952040d904c9ea437f8b52a30ccf948dd08bccfdfb207553084624f92fdb7c118868db54b652d7b1519fb941ae02616998d0fe1b0aa5b699061e,common_voice_te_39171966.mp3,తలపు వేరు
a5ee7de1787c952040d904c9ea437f8b52a30ccf948dd08bccfdfb207553084624f92fdb7c118868db54b652d7b1519fb941ae02616998d0fe1b0aa5b699061e,common_voice_te_39171960.mp3,తగు నుపాయమున్న తప్పు నపాయంబు
a5ee7de1787c952040d904c9ea437f8b52a30ccf948dd08bccfdfb207553084624f92fdb7c118868db54b652d7b1519fb941ae02616998d0fe1b0aa5b699061e,common_voice_te_39171959.mp3,తుంగభద్ర నాడు పొంగులెత్తినదిరా
a5ee7de1787c952040d904c9ea437f8b52a30ccf948dd08bccfdfb207553084624f92fdb7c118868db54b652d7b1519fb941ae02616998d0fe1b0aa5b699061e,common_voice_te_39171958.mp3,బడికి నడువలేడు
a5ee7de1787c952040d904c9ea437f8b52a30ccf948dd08bccfdfb207553084624f92fdb7c118868db54b652d7b1519fb941ae02616998d0fe1b0aa5b699061e,common_voice_te_39171957.mp3,"వాగులు, వంకలు పొంగి పొర్లుతున్నాయి"
a5ee7de1787c952040d904c9ea437f8b52a30ccf948dd08bccfdfb207553084624f92fdb7c118868db54b652d7b1519fb941ae02616998d0fe1b0aa5b699061e,common_voice_te_39171956.mp3,ప్రకాశం బ్యారేజిలోకి వరద పోటెత్తుతోంది
a5ee7de1787c952040d904c9ea437f8b52a30ccf948dd08bccfdfb207553084624f92fdb7c118868db54b652d7b1519fb941ae02616998d0fe1b0aa5b699061e,common_voice_te_39171950.mp3,తెనుగు తల్లి సాధుజన కల్పవల్లిరా
a5ee7de1787c952040d904c9ea437f8b52a30ccf948dd08bccfdfb207553084624f92fdb7c118868db54b652d7b1519fb941ae02616998d0fe1b0aa5b699061e,common_voice_te_39171949.mp3,కష్టసాధ్యమైన కార్యమ్ము నెరవేర్ప
a5ee7de1787c952040d904c9ea437f8b52a30ccf948dd08bccfdfb207553084624f92fdb7c118868db54b652d7b1519fb941ae02616998d0fe1b0aa5b699061e,common_voice_te_39171947.mp3,గుండెపోటు రావడంతో ఆమె ప్రాణం కోల్పోయింది.
a5ee7de1787c952040d904c9ea437f8b52a30ccf948dd08bccfdfb207553084624f92fdb7c118868db54b652d7b1519fb941ae02616998d0fe1b0aa5b699061e,common_voice_te_39171946.mp3,ధరణి నల్లుడన్న దశమ గ్రహంబురా
a5ee7de1787c952040d904c9ea437f8b52a30ccf948dd08bccfdfb207553084624f92fdb7c118868db54b652d7b1519fb941ae02616998d0fe1b0aa5b699061e,common_voice_te_39171936.mp3,శుక్రవారం వారు ఇక్కడ మీడియాతో మాట్లాడారు
a5ee7de1787c952040d904c9ea437f8b52a30ccf948dd08bccfdfb207553084624f92fdb7c118868db54b652d7b1519fb941ae02616998d0fe1b0aa5b699061e,common_voice_te_39171934.mp3,అందులో అబద్ధము లేదు
a5ee7de1787c952040d904c9ea437f8b52a30ccf948dd08bccfdfb207553084624f92fdb7c118868db54b652d7b1519fb941ae02616998d0fe1b0aa5b699061e,common_voice_te_39171933.mp3,ఈ ఖరీఫ్లో రాష్ట్రంలో వర్షాలు విస్తారంగా కురిసాయి
a5ee7de1787c952040d904c9ea437f8b52a30ccf948dd08bccfdfb207553084624f92fdb7c118868db54b652d7b1519fb941ae02616998d0fe1b0aa5b699061e,common_voice_te_39171922.mp3,ఉడకని అన్నం తింటే కడుపు నొప్పి వస్తుంది.
a5ee7de1787c952040d904c9ea437f8b52a30ccf948dd08bccfdfb207553084624f92fdb7c118868db54b652d7b1519fb941ae02616998d0fe1b0aa5b699061e,common_voice_te_39171919.mp3,సరిహద్దు వద్దకు అదనపు బలగాలను పంపడం నిలిపివేయాలని నిర్ణయించుకున్నాయి.
a5ee7de1787c952040d904c9ea437f8b52a30ccf948dd08bccfdfb207553084624f92fdb7c118868db54b652d7b1519fb941ae02616998d0fe1b0aa5b699061e,common_voice_te_39171902.mp3,కలిమి గలుగ నేస్తకాండ్రు వేలకు వేలు
a5ee7de1787c952040d904c9ea437f8b52a30ccf948dd08bccfdfb207553084624f92fdb7c118868db54b652d7b1519fb941ae02616998d0fe1b0aa5b699061e,common_voice_te_39171901.mp3,జుట్టు జుట్టు పట్టి కొట్టుకొనిరి
a5ee7de1787c952040d904c9ea437f8b52a30ccf948dd08bccfdfb207553084624f92fdb7c118868db54b652d7b1519fb941ae02616998d0fe1b0aa5b699061e,common_voice_te_39171882.mp3,నాకు మీ పేరు తెలియదు
a5ee7de1787c952040d904c9ea437f8b52a30ccf948dd08bccfdfb207553084624f92fdb7c118868db54b652d7b1519fb941ae02616998d0fe1b0aa5b699061e,common_voice_te_39171881.mp3,మంచి పాఠ్యపుస్తకాలు అందుబాటులోకి వస్తున్నాయి
a5ee7de1787c952040d904c9ea437f8b52a30ccf948dd08bccfdfb207553084624f92fdb7c118868db54b652d7b1519fb941ae02616998d0fe1b0aa5b699061e,common_voice_te_39171872.mp3,గహనమెంత అగ్ని కణమదెంత
a5ee7de1787c952040d904c9ea437f8b52a30ccf948dd08bccfdfb207553084624f92fdb7c118868db54b652d7b1519fb941ae02616998d0fe1b0aa5b699061e,common_voice_te_39171870.mp3,కాకి గూడు
a5ee7de1787c952040d904c9ea437f8b52a30ccf948dd08bccfdfb207553084624f92fdb7c118868db54b652d7b1519fb941ae02616998d0fe1b0aa5b699061e,common_voice_te_39171863.mp3,చెప్పడంలో కాదు చేయడంలో ఉండాలి.
a5ee7de1787c952040d904c9ea437f8b52a30ccf948dd08bccfdfb207553084624f92fdb7c118868db54b652d7b1519fb941ae02616998d0fe1b0aa5b699061e,common_voice_te_39171861.mp3,ఇవాళ మీ అందరికి ఒక కథ చెపుతాను
a5ee7de1787c952040d904c9ea437f8b52a30ccf948dd08bccfdfb207553084624f92fdb7c118868db54b652d7b1519fb941ae02616998d0fe1b0aa5b699061e,common_voice_te_39171848.mp3,చెప్పనగు ధరిత్ర జీవన్మృతుం డని
a5ee7de1787c952040d904c9ea437f8b52a30ccf948dd08bccfdfb207553084624f92fdb7c118868db54b652d7b1519fb941ae02616998d0fe1b0aa5b699061e,common_voice_te_39171847.mp3,ప్రాంతాల మధ్య తేడా రాకూడదు
a5ee7de1787c952040d904c9ea437f8b52a30ccf948dd08bccfdfb207553084624f92fdb7c118868db54b652d7b1519fb941ae02616998d0fe1b0aa5b699061e,common_voice_te_39171846.mp3,సింహమును శశంబు సంహరించె
a5ee7de1787c952040d904c9ea437f8b52a30ccf948dd08bccfdfb207553084624f92fdb7c118868db54b652d7b1519fb941ae02616998d0fe1b0aa5b699061e,common_voice_te_39172468.mp3,తెనుగు కవులవంటి ఘనులు లేరు
a5ee7de1787c952040d904c9ea437f8b52a30ccf948dd08bccfdfb207553084624f92fdb7c118868db54b652d7b1519fb941ae02616998d0fe1b0aa5b699061e,common_voice_te_39172497.mp3,బద్దకంపు మొద్దు బల్లపై నెక్కెరా
a5ee7de1787c952040d904c9ea437f8b52a30ccf948dd08bccfdfb207553084624f92fdb7c118868db54b652d7b1519fb941ae02616998d0fe1b0aa5b699061e,common_voice_te_39172498.mp3,మంచివారి మోసగించుచుండు
a5ee7de1787c952040d904c9ea437f8b52a30ccf948dd08bccfdfb207553084624f92fdb7c118868db54b652d7b1519fb941ae02616998d0fe1b0aa5b699061e,common_voice_te_39172500.mp3,వెంటనే అప్రమత్తమైన అధికారులు నీటి పంపింగ్ చేపట్టారు
